<?xml version="1.0"?>
<opencv_storage>
<myhaar type_id="opencv-haar-classifier">
  <size>
    24 24</size>
  <stages>
    <_>
      <trees>
        <_>
          <_>
            <feature>
              <rects>
                <_>
                  7 8 4 7 -1.</_>
                <_>
                  8 8 2 7 2.</_></rects>
              <tilted>0</tilted></feature>
            <threshold>0.0204610805958509</threshold>
            <left_val>-1.</left_val>
            <right_val>0.9639605879783630</right_val></_></_></trees>
      <stage_threshold>0.9639605879783630</stage_threshold>
      <parent>-1</parent>
      <next>-1</next></_>
    <_>
      <trees>
        <_>
          <_>
            <feature>
              <rects>
                <_>
                  3 10 4 2 -1.</_>
                <_>
                  3 10 2 1 2.</_>
                <_>
                  5 11 2 1 2.</_></rects>
              <tilted>0</tilted></feature>
            <threshold>-2.5857689324766397e-003</threshold>
            <left_val>0.9122807979583740</left_val>
            <right_val>-0.9999989271163940</right_val></_></_></trees>
      <stage_threshold>0.9122807979583740</stage_threshold>
      <parent>0</parent>
      <next>-1</next></_>
    <_>
      <trees>
        <_>
          <_>
            <feature>
              <rects>
                <_>
                  11 1 2 21 -1.</_>
                <_>
                  11 8 2 7 3.</_></rects>
              <tilted>0</tilted></feature>
            <threshold>0.0367787182331085</threshold>
            <left_val>-1.</left_val>
            <right_val>0.8956484794616699</right_val></_></_></trees>
      <stage_threshold>0.8956484794616699</stage_threshold>
      <parent>1</parent>
      <next>-1</next></_>
    <_>
      <trees>
        <_>
          <_>
            <feature>
              <rects>
                <_>
                  2 13 4 8 -1.</_>
                <_>
                  2 13 2 4 2.</_>
                <_>
                  4 17 2 4 2.</_></rects>
              <tilted>0</tilted></feature>
            <threshold>-0.0129195200279355</threshold>
            <left_val>0.8632481098175049</left_val>
            <right_val>-0.9999986290931702</right_val></_></_></trees>
      <stage_threshold>0.8632481098175049</stage_threshold>
      <parent>2</parent>
      <next>-1</next></_></stages></myhaar>
</opencv_storage>
