<?xml version="1.0"?>
<opencv_storage>
<myhaar type_id="opencv-haar-classifier">
  <size>
    24 24</size>
  <stages>
    <_>
      <trees>
        <_>
          <_>
            <feature>
              <rects>
                <_>
                  7 3 9 19 -1.</_>
                <_>
                  10 3 3 19 3.</_></rects>
              <tilted>0</tilted></feature>
            <threshold>-0.1867489069700241</threshold>
            <left_val>0.9771522283554077</left_val>
            <right_val>-0.9999846220016480</right_val></_></_></trees>
      <stage_threshold>0.9771522283554077</stage_threshold>
      <parent>-1</parent>
      <next>-1</next></_>
    <_>
      <trees>
        <_>
          <_>
            <feature>
              <rects>
                <_>
                  1 5 16 18 -1.</_>
                <_>
                  1 5 8 9 2.</_>
                <_>
                  9 14 8 9 2.</_></rects>
              <tilted>0</tilted></feature>
            <threshold>0.1375759989023209</threshold>
            <left_val>-0.9870197772979736</left_val>
            <right_val>0.8547611832618713</right_val></_></_>
        <_>
          <_>
            <feature>
              <rects>
                <_>
                  12 4 3 12 -1.</_>
                <_>
                  12 4 3 6 2.</_></rects>
              <tilted>1</tilted></feature>
            <threshold>-0.0387687906622887</threshold>
            <left_val>0.2338171005249023</left_val>
            <right_val>-0.7975773215293884</right_val></_></_></trees>
      <stage_threshold>-0.7532026767730713</stage_threshold>
      <parent>0</parent>
      <next>-1</next></_>
    <_>
      <trees>
        <_>
          <_>
            <feature>
              <rects>
                <_>
                  12 4 12 3 -1.</_>
                <_>
                  12 4 6 3 2.</_></rects>
              <tilted>1</tilted></feature>
            <threshold>-0.1100990995764732</threshold>
            <left_val>0.9006332159042358</left_val>
            <right_val>-0.9149761795997620</right_val></_></_>
        <_>
          <_>
            <feature>
              <rects>
                <_>
                  11 6 13 18 -1.</_>
                <_>
                  11 15 13 9 2.</_></rects>
              <tilted>0</tilted></feature>
            <threshold>0.0889539569616318</threshold>
            <left_val>0.1694602966308594</left_val>
            <right_val>-0.8843715190887451</right_val></_></_>
        <_>
          <_>
            <feature>
              <rects>
                <_>
                  5 7 14 14 -1.</_>
                <_>
                  5 7 7 7 2.</_>
                <_>
                  12 14 7 7 2.</_></rects>
              <tilted>0</tilted></feature>
            <threshold>0.0844286382198334</threshold>
            <left_val>-0.9486318826675415</left_val>
            <right_val>0.8171610832214356</right_val></_></_></trees>
      <stage_threshold>0.0716452002525330</stage_threshold>
      <parent>1</parent>
      <next>-1</next></_>
    <_>
      <trees>
        <_>
          <_>
            <feature>
              <rects>
                <_>
                  7 3 9 18 -1.</_>
                <_>
                  10 3 3 18 3.</_></rects>
              <tilted>0</tilted></feature>
            <threshold>-0.2599785029888153</threshold>
            <left_val>0.8069264888763428</left_val>
            <right_val>-0.8289989829063416</right_val></_></_>
        <_>
          <_>
            <feature>
              <rects>
                <_>
                  12 0 10 8 -1.</_>
                <_>
                  17 0 5 4 2.</_>
                <_>
                  12 4 5 4 2.</_></rects>
              <tilted>0</tilted></feature>
            <threshold>3.2422889489680529e-003</threshold>
            <left_val>0.1085051968693733</left_val>
            <right_val>-0.6154325008392334</right_val></_></_>
        <_>
          <_>
            <feature>
              <rects>
                <_>
                  2 0 10 8 -1.</_>
                <_>
                  2 0 5 4 2.</_>
                <_>
                  7 4 5 4 2.</_></rects>
              <tilted>0</tilted></feature>
            <threshold>-0.0503849200904369</threshold>
            <left_val>0.8050274848937988</left_val>
            <right_val>-0.7595394253730774</right_val></_></_>
        <_>
          <_>
            <feature>
              <rects>
                <_>
                  11 5 3 15 -1.</_>
                <_>
                  11 10 3 5 3.</_></rects>
              <tilted>0</tilted></feature>
            <threshold>8.4409993141889572e-003</threshold>
            <left_val>-0.9380108118057251</left_val>
            <right_val>0.4568705856800079</right_val></_></_></trees>
      <stage_threshold>-1.0231629610061646</stage_threshold>
      <parent>2</parent>
      <next>-1</next></_>
    <_>
      <trees>
        <_>
          <_>
            <feature>
              <rects>
                <_>
                  1 0 3 24 -1.</_>
                <_>
                  1 8 3 8 3.</_></rects>
              <tilted>0</tilted></feature>
            <threshold>0.0878142416477203</threshold>
            <left_val>-0.8144568204879761</left_val>
            <right_val>0.7731835842132568</right_val></_></_>
        <_>
          <_>
            <feature>
              <rects>
                <_>
                  13 11 6 6 -1.</_>
                <_>
                  15 13 2 6 3.</_></rects>
              <tilted>1</tilted></feature>
            <threshold>-7.8272540122270584e-003</threshold>
            <left_val>0.2028852999210358</left_val>
            <right_val>-1.0000309944152832</right_val></_></_>
        <_>
          <_>
            <feature>
              <rects>
                <_>
                  8 3 7 2 -1.</_>
                <_>
                  8 4 7 1 2.</_></rects>
              <tilted>0</tilted></feature>
            <threshold>-5.4094889201223850e-003</threshold>
            <left_val>0.5442193746566773</left_val>
            <right_val>-0.8264968991279602</right_val></_></_>
        <_>
          <_>
            <feature>
              <rects>
                <_>
                  8 3 9 18 -1.</_>
                <_>
                  11 3 3 18 3.</_></rects>
              <tilted>0</tilted></feature>
            <threshold>-0.2097568064928055</threshold>
            <left_val>0.3827373087406158</left_val>
            <right_val>-0.3669498860836029</right_val></_></_>
        <_>
          <_>
            <feature>
              <rects>
                <_>
                  10 10 7 4 -1.</_>
                <_>
                  10 10 7 2 2.</_></rects>
              <tilted>1</tilted></feature>
            <threshold>0.0226341299712658</threshold>
            <left_val>-0.8658677935600281</left_val>
            <right_val>0.6042953729629517</right_val></_></_></trees>
      <stage_threshold>-1.2007230520248413</stage_threshold>
      <parent>3</parent>
      <next>-1</next></_></stages></myhaar>
</opencv_storage>
