<?xml version="1.0"?>
<opencv_storage>
<myhaar type_id="opencv-haar-classifier">
  <size>
    24 24</size>
  <stages>
    <_>
      <trees>
        <_>
          <_>
            <feature>
              <rects>
                <_>
                  4 1 9 12 -1.</_>
                <_>
                  7 5 3 4 9.</_></rects>
              <tilted>0</tilted></feature>
            <threshold>-0.2019114941358566</threshold>
            <left_val>0.9733226895332336</left_val>
            <right_val>-0.9635207056999207</right_val></_></_>
        <_>
          <_>
            <feature>
              <rects>
                <_>
                  12 0 9 12 -1.</_>
                <_>
                  15 3 3 12 3.</_></rects>
              <tilted>1</tilted></feature>
            <threshold>0.0589333400130272</threshold>
            <left_val>-0.7769098281860352</left_val>
            <right_val>0.5584303736686707</right_val></_></_></trees>
      <stage_threshold>-0.4050903022289276</stage_threshold>
      <parent>-1</parent>
      <next>-1</next></_>
    <_>
      <trees>
        <_>
          <_>
            <feature>
              <rects>
                <_>
                  12 1 12 8 -1.</_>
                <_>
                  10 3 12 4 2.</_></rects>
              <tilted>1</tilted></feature>
            <threshold>-0.1261848062276840</threshold>
            <left_val>0.9905024766921997</left_val>
            <right_val>-0.9638308286666870</right_val></_></_>
        <_>
          <_>
            <feature>
              <rects>
                <_>
                  6 10 16 14 -1.</_>
                <_>
                  14 10 8 7 2.</_>
                <_>
                  6 17 8 7 2.</_></rects>
              <tilted>0</tilted></feature>
            <threshold>-0.0163222402334213</threshold>
            <left_val>0.5282325744628906</left_val>
            <right_val>-0.8388864994049072</right_val></_></_></trees>
      <stage_threshold>-0.4355981945991516</stage_threshold>
      <parent>0</parent>
      <next>-1</next></_>
    <_>
      <trees>
        <_>
          <_>
            <feature>
              <rects>
                <_>
                  12 1 12 8 -1.</_>
                <_>
                  10 3 12 4 2.</_></rects>
              <tilted>1</tilted></feature>
            <threshold>-0.1267383992671967</threshold>
            <left_val>0.9413350820541382</left_val>
            <right_val>-0.9629124999046326</right_val></_></_>
        <_>
          <_>
            <feature>
              <rects>
                <_>
                  7 2 13 6 -1.</_>
                <_>
                  7 5 13 3 2.</_></rects>
              <tilted>0</tilted></feature>
            <threshold>-0.0594385191798210</threshold>
            <left_val>0.8920869231224060</left_val>
            <right_val>-0.9504551887512207</right_val></_></_></trees>
      <stage_threshold>-0.0708255767822266</stage_threshold>
      <parent>1</parent>
      <next>-1</next></_>
    <_>
      <trees>
        <_>
          <_>
            <feature>
              <rects>
                <_>
                  0 12 18 12 -1.</_>
                <_>
                  0 12 9 6 2.</_>
                <_>
                  9 18 9 6 2.</_></rects>
              <tilted>0</tilted></feature>
            <threshold>0.1748564988374710</threshold>
            <left_val>-0.9261450767517090</left_val>
            <right_val>0.9146916270256043</right_val></_></_>
        <_>
          <_>
            <feature>
              <rects>
                <_>
                  21 0 3 6 -1.</_>
                <_>
                  19 2 3 2 3.</_></rects>
              <tilted>1</tilted></feature>
            <threshold>0.0136482501402497</threshold>
            <left_val>-0.5974137783050537</left_val>
            <right_val>0.4327513873577118</right_val></_></_>
        <_>
          <_>
            <feature>
              <rects>
                <_>
                  12 4 3 10 -1.</_>
                <_>
                  12 4 3 5 2.</_></rects>
              <tilted>1</tilted></feature>
            <threshold>-0.0796375125646591</threshold>
            <left_val>0.7121440768241882</left_val>
            <right_val>-0.9605113267898560</right_val></_></_></trees>
      <stage_threshold>-0.8114147186279297</stage_threshold>
      <parent>2</parent>
      <next>-1</next></_>
    <_>
      <trees>
        <_>
          <_>
            <feature>
              <rects>
                <_>
                  8 1 16 1 -1.</_>
                <_>
                  12 5 8 1 2.</_></rects>
              <tilted>1</tilted></feature>
            <threshold>-0.0399982295930386</threshold>
            <left_val>0.9070487022399902</left_val>
            <right_val>-0.8909211158752441</right_val></_></_>
        <_>
          <_>
            <feature>
              <rects>
                <_>
                  17 16 7 8 -1.</_>
                <_>
                  17 20 7 4 2.</_></rects>
              <tilted>0</tilted></feature>
            <threshold>-1.4877499779686332e-003</threshold>
            <left_val>0.4363859891891480</left_val>
            <right_val>-0.6209378838539124</right_val></_></_>
        <_>
          <_>
            <feature>
              <rects>
                <_>
                  0 16 7 8 -1.</_>
                <_>
                  0 20 7 4 2.</_></rects>
              <tilted>0</tilted></feature>
            <threshold>-0.0498111508786678</threshold>
            <left_val>0.7849531173706055</left_val>
            <right_val>-0.9072430133819580</right_val></_></_></trees>
      <stage_threshold>-1.3617780208587646</stage_threshold>
      <parent>3</parent>
      <next>-1</next></_>
    <_>
      <trees>
        <_>
          <_>
            <feature>
              <rects>
                <_>
                  3 0 6 3 -1.</_>
                <_>
                  5 2 2 3 3.</_></rects>
              <tilted>1</tilted></feature>
            <threshold>0.0568027496337891</threshold>
            <left_val>-0.8287519216537476</left_val>
            <right_val>0.9563214778900147</right_val></_></_>
        <_>
          <_>
            <feature>
              <rects>
                <_>
                  10 7 4 12 -1.</_>
                <_>
                  12 7 2 6 2.</_>
                <_>
                  10 13 2 6 2.</_></rects>
              <tilted>0</tilted></feature>
            <threshold>-0.0170879792422056</threshold>
            <left_val>0.7883275151252747</left_val>
            <right_val>-0.7770829200744629</right_val></_></_>
        <_>
          <_>
            <feature>
              <rects>
                <_>
                  0 0 10 10 -1.</_>
                <_>
                  0 0 5 5 2.</_>
                <_>
                  5 5 5 5 2.</_></rects>
              <tilted>0</tilted></feature>
            <threshold>-0.0828684419393539</threshold>
            <left_val>0.8314589858055115</left_val>
            <right_val>-0.7636716961860657</right_val></_></_></trees>
      <stage_threshold>-0.8040961027145386</stage_threshold>
      <parent>4</parent>
      <next>-1</next></_>
    <_>
      <trees>
        <_>
          <_>
            <feature>
              <rects>
                <_>
                  3 0 6 2 -1.</_>
                <_>
                  5 2 2 2 3.</_></rects>
              <tilted>1</tilted></feature>
            <threshold>0.0448336191475391</threshold>
            <left_val>-0.7916945219039917</left_val>
            <right_val>0.8874490857124329</right_val></_></_>
        <_>
          <_>
            <feature>
              <rects>
                <_>
                  13 8 2 10 -1.</_>
                <_>
                  13 8 2 5 2.</_></rects>
              <tilted>1</tilted></feature>
            <threshold>-0.0421555303037167</threshold>
            <left_val>-0.9501500725746155</left_val>
            <right_val>0.1923591941595078</right_val></_></_>
        <_>
          <_>
            <feature>
              <rects>
                <_>
                  3 11 16 6 -1.</_>
                <_>
                  11 11 8 6 2.</_></rects>
              <tilted>0</tilted></feature>
            <threshold>-0.1108687967061997</threshold>
            <left_val>0.5696141719818115</left_val>
            <right_val>-0.9669728875160217</right_val></_></_></trees>
      <stage_threshold>-0.0297210793942213</stage_threshold>
      <parent>5</parent>
      <next>-1</next></_></stages></myhaar>
</opencv_storage>
