<?xml version="1.0"?>
<opencv_storage>
<myhaar type_id="opencv-haar-classifier">
  <size>
    24 24</size>
  <stages>
    <_>
      <trees>
        <_>
          <_>
            <feature>
              <rects>
                <_>
                  5 3 12 19 -1.</_>
                <_>
                  8 3 6 19 2.</_></rects>
              <tilted>0</tilted></feature>
            <threshold>-0.1851090937852860</threshold>
            <left_val>0.9630720019340515</left_val>
            <right_val>-0.9878190755844116</right_val></_></_>
        <_>
          <_>
            <feature>
              <rects>
                <_>
                  15 0 5 12 -1.</_>
                <_>
                  12 3 5 6 2.</_></rects>
              <tilted>1</tilted></feature>
            <threshold>-0.0664935708045959</threshold>
            <left_val>0.6350355148315430</left_val>
            <right_val>-0.9454507231712341</right_val></_></_></trees>
      <stage_threshold>-0.3527835905551910</stage_threshold>
      <parent>-1</parent>
      <next>-1</next></_>
    <_>
      <trees>
        <_>
          <_>
            <feature>
              <rects>
                <_>
                  3 3 18 20 -1.</_>
                <_>
                  3 3 9 10 2.</_>
                <_>
                  12 13 9 10 2.</_></rects>
              <tilted>0</tilted></feature>
            <threshold>0.1471354961395264</threshold>
            <left_val>-0.9390408992767334</left_val>
            <right_val>0.9171990156173706</right_val></_></_>
        <_>
          <_>
            <feature>
              <rects>
                <_>
                  4 3 18 17 -1.</_>
                <_>
                  10 3 6 17 3.</_></rects>
              <tilted>0</tilted></feature>
            <threshold>-0.2054851949214935</threshold>
            <left_val>0.4900293052196503</left_val>
            <right_val>-0.8110880255699158</right_val></_></_>
        <_>
          <_>
            <feature>
              <rects>
                <_>
                  0 0 3 24 -1.</_>
                <_>
                  0 6 3 12 2.</_></rects>
              <tilted>0</tilted></feature>
            <threshold>0.0656532123684883</threshold>
            <left_val>-0.9757028222084045</left_val>
            <right_val>0.8460450768470764</right_val></_></_></trees>
      <stage_threshold>-0.9040837883949280</stage_threshold>
      <parent>0</parent>
      <next>-1</next></_>
    <_>
      <trees>
        <_>
          <_>
            <feature>
              <rects>
                <_>
                  2 3 18 17 -1.</_>
                <_>
                  8 3 6 17 3.</_></rects>
              <tilted>0</tilted></feature>
            <threshold>-0.4484564960002899</threshold>
            <left_val>0.9408661723136902</left_val>
            <right_val>-0.9634447097778320</right_val></_></_>
        <_>
          <_>
            <feature>
              <rects>
                <_>
                  8 1 9 22 -1.</_>
                <_>
                  11 1 3 22 3.</_></rects>
              <tilted>0</tilted></feature>
            <threshold>-0.1475428044795990</threshold>
            <left_val>0.7754275202751160</left_val>
            <right_val>-0.4838840961456299</right_val></_></_>
        <_>
          <_>
            <feature>
              <rects>
                <_>
                  1 0 14 6 -1.</_>
                <_>
                  1 0 7 3 2.</_>
                <_>
                  8 3 7 3 2.</_></rects>
              <tilted>0</tilted></feature>
            <threshold>-0.0559290610253811</threshold>
            <left_val>0.8811782002449036</left_val>
            <right_val>-0.9355695843696594</right_val></_></_></trees>
      <stage_threshold>-0.5661506056785584</stage_threshold>
      <parent>1</parent>
      <next>-1</next></_>
    <_>
      <trees>
        <_>
          <_>
            <feature>
              <rects>
                <_>
                  4 2 15 19 -1.</_>
                <_>
                  9 2 5 19 3.</_></rects>
              <tilted>0</tilted></feature>
            <threshold>-0.4238184988498688</threshold>
            <left_val>0.8921439051628113</left_val>
            <right_val>-0.9146220088005066</right_val></_></_>
        <_>
          <_>
            <feature>
              <rects>
                <_>
                  14 3 2 14 -1.</_>
                <_>
                  14 3 2 7 2.</_></rects>
              <tilted>1</tilted></feature>
            <threshold>-0.0690273791551590</threshold>
            <left_val>0.4189657866954804</left_val>
            <right_val>-0.5733314752578735</right_val></_></_>
        <_>
          <_>
            <feature>
              <rects>
                <_>
                  10 3 14 2 -1.</_>
                <_>
                  10 3 7 2 2.</_></rects>
              <tilted>1</tilted></feature>
            <threshold>-0.0847445428371429</threshold>
            <left_val>0.7724804282188416</left_val>
            <right_val>-0.8902733922004700</right_val></_></_></trees>
      <stage_threshold>-0.7154731750488281</stage_threshold>
      <parent>2</parent>
      <next>-1</next></_>
    <_>
      <trees>
        <_>
          <_>
            <feature>
              <rects>
                <_>
                  8 3 6 20 -1.</_>
                <_>
                  10 3 2 20 3.</_></rects>
              <tilted>0</tilted></feature>
            <threshold>-0.0996104478836060</threshold>
            <left_val>0.8526681065559387</left_val>
            <right_val>-0.8441733121871948</right_val></_></_>
        <_>
          <_>
            <feature>
              <rects>
                <_>
                  0 4 24 16 -1.</_>
                <_>
                  0 8 24 8 2.</_></rects>
              <tilted>0</tilted></feature>
            <threshold>0.1277571022510529</threshold>
            <left_val>-0.9351894855499268</left_val>
            <right_val>0.6707137227058411</right_val></_></_></trees>
      <stage_threshold>-0.1734595000743866</stage_threshold>
      <parent>3</parent>
      <next>-1</next></_>
    <_>
      <trees>
        <_>
          <_>
            <feature>
              <rects>
                <_>
                  6 6 12 4 -1.</_>
                <_>
                  6 6 12 2 2.</_></rects>
              <tilted>1</tilted></feature>
            <threshold>0.0198124907910824</threshold>
            <left_val>-0.9075267910957336</left_val>
            <right_val>0.7607579231262207</right_val></_></_>
        <_>
          <_>
            <feature>
              <rects>
                <_>
                  11 1 12 3 -1.</_>
                <_>
                  15 2 4 1 9.</_></rects>
              <tilted>0</tilted></feature>
            <threshold>0.0402759984135628</threshold>
            <left_val>-0.8257856965065002</left_val>
            <right_val>0.6717900037765503</right_val></_></_></trees>
      <stage_threshold>-0.2357368022203445</stage_threshold>
      <parent>4</parent>
      <next>-1</next></_></stages></myhaar>
</opencv_storage>
