<?xml version="1.0"?>
<opencv_storage>
<myhaar type_id="opencv-haar-classifier">
  <size>
    24 24</size>
  <stages>
    <_>
      <trees>
        <_>
          <_>
            <feature>
              <rects>
                <_>
                  3 3 16 18 -1.</_>
                <_>
                  3 9 16 6 3.</_></rects>
              <tilted>0</tilted></feature>
            <threshold>-0.2010035961866379</threshold>
            <left_val>0.9126201272010803</left_val>
            <right_val>-0.9752286076545715</right_val></_></_>
        <_>
          <_>
            <feature>
              <rects>
                <_>
                  7 4 16 15 -1.</_>
                <_>
                  7 9 16 5 3.</_></rects>
              <tilted>0</tilted></feature>
            <threshold>-0.1063166037201881</threshold>
            <left_val>0.5039271712303162</left_val>
            <right_val>-0.8438650965690613</right_val></_></_></trees>
      <stage_threshold>-0.4713014066219330</stage_threshold>
      <parent>-1</parent>
      <next>-1</next></_>
    <_>
      <trees>
        <_>
          <_>
            <feature>
              <rects>
                <_>
                  1 11 4 12 -1.</_>
                <_>
                  1 14 4 6 2.</_></rects>
              <tilted>0</tilted></feature>
            <threshold>0.0370435006916523</threshold>
            <left_val>-0.8164107799530029</left_val>
            <right_val>0.8910716772079468</right_val></_></_>
        <_>
          <_>
            <feature>
              <rects>
                <_>
                  7 0 16 14 -1.</_>
                <_>
                  11 0 8 14 2.</_></rects>
              <tilted>0</tilted></feature>
            <threshold>0.0906592309474945</threshold>
            <left_val>0.1016971990466118</left_val>
            <right_val>-1.0000009536743164</right_val></_></_>
        <_>
          <_>
            <feature>
              <rects>
                <_>
                  1 0 16 13 -1.</_>
                <_>
                  5 0 8 13 2.</_></rects>
              <tilted>0</tilted></feature>
            <threshold>0.0616999901831150</threshold>
            <left_val>-0.9593045115470886</left_val>
            <right_val>0.6616911292076111</right_val></_></_></trees>
      <stage_threshold>-0.0530224405229092</stage_threshold>
      <parent>0</parent>
      <next>-1</next></_>
    <_>
      <trees>
        <_>
          <_>
            <feature>
              <rects>
                <_>
                  0 9 6 6 -1.</_>
                <_>
                  2 11 2 2 9.</_></rects>
              <tilted>0</tilted></feature>
            <threshold>-0.0528003312647343</threshold>
            <left_val>0.8918446898460388</left_val>
            <right_val>-0.7280886769294739</right_val></_></_>
        <_>
          <_>
            <feature>
              <rects>
                <_>
                  8 12 12 12 -1.</_>
                <_>
                  8 12 6 12 2.</_></rects>
              <tilted>0</tilted></feature>
            <threshold>0.0198631603270769</threshold>
            <left_val>0.3537771105766296</left_val>
            <right_val>-0.9463322162628174</right_val></_></_>
        <_>
          <_>
            <feature>
              <rects>
                <_>
                  0 20 24 4 -1.</_>
                <_>
                  8 20 8 4 3.</_></rects>
              <tilted>0</tilted></feature>
            <threshold>0.0846901535987854</threshold>
            <left_val>-0.8212205171585083</left_val>
            <right_val>0.7236291170120239</right_val></_></_>
        <_>
          <_>
            <feature>
              <rects>
                <_>
                  8 3 9 19 -1.</_>
                <_>
                  11 3 3 19 3.</_></rects>
              <tilted>0</tilted></feature>
            <threshold>-5.5706799030303955e-003</threshold>
            <left_val>-0.7396395206451416</left_val>
            <right_val>0.3157128989696503</right_val></_></_>
        <_>
          <_>
            <feature>
              <rects>
                <_>
                  3 10 16 14 -1.</_>
                <_>
                  11 10 8 14 2.</_></rects>
              <tilted>0</tilted></feature>
            <threshold>0.0483591891825199</threshold>
            <left_val>-0.9566150903701782</left_val>
            <right_val>0.4221022129058838</right_val></_></_></trees>
      <stage_threshold>-1.5130690336227417</stage_threshold>
      <parent>1</parent>
      <next>-1</next></_>
    <_>
      <trees>
        <_>
          <_>
            <feature>
              <rects>
                <_>
                  2 4 15 15 -1.</_>
                <_>
                  2 9 15 5 3.</_></rects>
              <tilted>0</tilted></feature>
            <threshold>-0.2249021977186203</threshold>
            <left_val>0.7958189845085144</left_val>
            <right_val>-0.8288583159446716</right_val></_></_>
        <_>
          <_>
            <feature>
              <rects>
                <_>
                  17 13 6 9 -1.</_>
                <_>
                  19 16 2 3 9.</_></rects>
              <tilted>0</tilted></feature>
            <threshold>-0.0302496291697025</threshold>
            <left_val>0.5033314824104309</left_val>
            <right_val>-0.2572888135910034</right_val></_></_>
        <_>
          <_>
            <feature>
              <rects>
                <_>
                  3 11 3 12 -1.</_>
                <_>
                  4 15 1 4 9.</_></rects>
              <tilted>0</tilted></feature>
            <threshold>0.0579648390412331</threshold>
            <left_val>-0.6096928715705872</left_val>
            <right_val>0.8520578145980835</right_val></_></_>
        <_>
          <_>
            <feature>
              <rects>
                <_>
                  11 3 3 13 -1.</_>
                <_>
                  12 3 1 13 3.</_></rects>
              <tilted>0</tilted></feature>
            <threshold>7.6336050406098366e-003</threshold>
            <left_val>0.2143422961235046</left_val>
            <right_val>-0.9999877214431763</right_val></_></_>
        <_>
          <_>
            <feature>
              <rects>
                <_>
                  8 13 6 2 -1.</_>
                <_>
                  10 15 2 2 3.</_></rects>
              <tilted>1</tilted></feature>
            <threshold>-0.0104855503886938</threshold>
            <left_val>0.7346259951591492</left_val>
            <right_val>-0.6629850268363953</right_val></_></_></trees>
      <stage_threshold>-0.7468718886375427</stage_threshold>
      <parent>2</parent>
      <next>-1</next></_>
    <_>
      <trees>
        <_>
          <_>
            <feature>
              <rects>
                <_>
                  2 2 17 12 -1.</_>
                <_>
                  2 8 17 6 2.</_></rects>
              <tilted>0</tilted></feature>
            <threshold>-0.2081086039543152</threshold>
            <left_val>0.8123391270637512</left_val>
            <right_val>-0.6991714835166931</right_val></_></_>
        <_>
          <_>
            <feature>
              <rects>
                <_>
                  0 20 24 4 -1.</_>
                <_>
                  8 20 8 4 3.</_></rects>
              <tilted>0</tilted></feature>
            <threshold>0.0856059268116951</threshold>
            <left_val>-0.7386226058006287</left_val>
            <right_val>0.6264678835868835</right_val></_></_>
        <_>
          <_>
            <feature>
              <rects>
                <_>
                  2 0 16 2 -1.</_>
                <_>
                  6 4 8 2 2.</_></rects>
              <tilted>1</tilted></feature>
            <threshold>5.6189941242337227e-003</threshold>
            <left_val>-0.8559107184410095</left_val>
            <right_val>0.5100361704826355</right_val></_></_>
        <_>
          <_>
            <feature>
              <rects>
                <_>
                  20 9 4 12 -1.</_>
                <_>
                  22 9 2 6 2.</_>
                <_>
                  20 15 2 6 2.</_></rects>
              <tilted>0</tilted></feature>
            <threshold>0.0292494408786297</threshold>
            <left_val>-0.2366005033254623</left_val>
            <right_val>0.8667495250701904</right_val></_></_>
        <_>
          <_>
            <feature>
              <rects>
                <_>
                  3 11 13 10 -1.</_>
                <_>
                  3 16 13 5 2.</_></rects>
              <tilted>0</tilted></feature>
            <threshold>0.0768840089440346</threshold>
            <left_val>-0.8760644197463989</left_val>
            <right_val>0.5542554259300232</right_val></_></_></trees>
      <stage_threshold>-0.9370728135108948</stage_threshold>
      <parent>3</parent>
      <next>-1</next></_>
    <_>
      <trees>
        <_>
          <_>
            <feature>
              <rects>
                <_>
                  0 0 20 6 -1.</_>
                <_>
                  5 0 10 6 2.</_></rects>
              <tilted>0</tilted></feature>
            <threshold>0.0744318366050720</threshold>
            <left_val>-0.8627200126647949</left_val>
            <right_val>0.6674420237541199</right_val></_></_>
        <_>
          <_>
            <feature>
              <rects>
                <_>
                  16 11 6 8 -1.</_>
                <_>
                  19 11 3 4 2.</_>
                <_>
                  16 15 3 4 2.</_></rects>
              <tilted>0</tilted></feature>
            <threshold>-6.1957160942256451e-003</threshold>
            <left_val>-0.5445551276206970</left_val>
            <right_val>0.0272398907691240</right_val></_></_>
        <_>
          <_>
            <feature>
              <rects>
                <_>
                  2 11 6 8 -1.</_>
                <_>
                  2 11 3 4 2.</_>
                <_>
                  5 15 3 4 2.</_></rects>
              <tilted>0</tilted></feature>
            <threshold>-0.0296080391854048</threshold>
            <left_val>0.8617038726806641</left_val>
            <right_val>-0.5817270278930664</right_val></_></_>
        <_>
          <_>
            <feature>
              <rects>
                <_>
                  16 2 1 4 -1.</_>
                <_>
                  16 2 1 2 2.</_></rects>
              <tilted>1</tilted></feature>
            <threshold>7.7416287967935205e-004</threshold>
            <left_val>0.2426421940326691</left_val>
            <right_val>-0.5218650102615356</right_val></_></_>
        <_>
          <_>
            <feature>
              <rects>
                <_>
                  8 2 4 1 -1.</_>
                <_>
                  8 2 2 1 2.</_></rects>
              <tilted>1</tilted></feature>
            <threshold>-9.2912541003897786e-004</threshold>
            <left_val>-0.8621439933776856</left_val>
            <right_val>0.5197936892509460</right_val></_></_>
        <_>
          <_>
            <feature>
              <rects>
                <_>
                  13 3 4 12 -1.</_>
                <_>
                  15 3 2 6 2.</_>
                <_>
                  13 9 2 6 2.</_></rects>
              <tilted>0</tilted></feature>
            <threshold>-0.0140550499781966</threshold>
            <left_val>-0.6775776147842407</left_val>
            <right_val>0.0235355496406555</right_val></_></_>
        <_>
          <_>
            <feature>
              <rects>
                <_>
                  9 15 7 2 -1.</_>
                <_>
                  9 15 7 1 2.</_></rects>
              <tilted>1</tilted></feature>
            <threshold>-2.1069999784231186e-003</threshold>
            <left_val>-0.9477509260177612</left_val>
            <right_val>0.3928511142730713</right_val></_></_></trees>
      <stage_threshold>-1.0028920173645020</stage_threshold>
      <parent>4</parent>
      <next>-1</next></_>
    <_>
      <trees>
        <_>
          <_>
            <feature>
              <rects>
                <_>
                  3 3 18 20 -1.</_>
                <_>
                  3 8 18 10 2.</_></rects>
              <tilted>0</tilted></feature>
            <threshold>-0.2594021856784821</threshold>
            <left_val>0.7803508043289185</left_val>
            <right_val>-0.7038818001747131</right_val></_></_>
        <_>
          <_>
            <feature>
              <rects>
                <_>
                  20 10 4 10 -1.</_>
                <_>
                  22 10 2 5 2.</_>
                <_>
                  20 15 2 5 2.</_></rects>
              <tilted>0</tilted></feature>
            <threshold>-5.0999280065298080e-003</threshold>
            <left_val>-0.7427055835723877</left_val>
            <right_val>0.1775663048028946</right_val></_></_>
        <_>
          <_>
            <feature>
              <rects>
                <_>
                  0 10 4 10 -1.</_>
                <_>
                  0 10 2 5 2.</_>
                <_>
                  2 15 2 5 2.</_></rects>
              <tilted>0</tilted></feature>
            <threshold>0.0303220301866531</threshold>
            <left_val>-0.4893352091312408</left_val>
            <right_val>0.8243389725685120</right_val></_></_>
        <_>
          <_>
            <feature>
              <rects>
                <_>
                  14 3 1 2 -1.</_>
                <_>
                  14 3 1 1 2.</_></rects>
              <tilted>1</tilted></feature>
            <threshold>3.5854350426234305e-004</threshold>
            <left_val>0.2279410064220429</left_val>
            <right_val>-1.0000029802322388</right_val></_></_>
        <_>
          <_>
            <feature>
              <rects>
                <_>
                  7 3 4 12 -1.</_>
                <_>
                  7 3 2 6 2.</_>
                <_>
                  9 9 2 6 2.</_></rects>
              <tilted>0</tilted></feature>
            <threshold>8.0959242768585682e-004</threshold>
            <left_val>0.4172196984291077</left_val>
            <right_val>-0.9001296162605286</right_val></_></_></trees>
      <stage_threshold>-1.2907619476318359</stage_threshold>
      <parent>5</parent>
      <next>-1</next></_>
    <_>
      <trees>
        <_>
          <_>
            <feature>
              <rects>
                <_>
                  2 2 19 20 -1.</_>
                <_>
                  2 7 19 10 2.</_></rects>
              <tilted>0</tilted></feature>
            <threshold>-0.2689490914344788</threshold>
            <left_val>0.6129791736602783</left_val>
            <right_val>-0.7146739959716797</right_val></_></_>
        <_>
          <_>
            <feature>
              <rects>
                <_>
                  11 0 2 6 -1.</_>
                <_>
                  11 2 2 2 3.</_></rects>
              <tilted>0</tilted></feature>
            <threshold>-3.4940219484269619e-004</threshold>
            <left_val>-0.9481893181800842</left_val>
            <right_val>0.3998253047466278</right_val></_></_>
        <_>
          <_>
            <feature>
              <rects>
                <_>
                  0 1 24 2 -1.</_>
                <_>
                  6 1 12 2 2.</_></rects>
              <tilted>0</tilted></feature>
            <threshold>0.0463229082524776</threshold>
            <left_val>-0.5695517063140869</left_val>
            <right_val>0.7044727206230164</right_val></_></_>
        <_>
          <_>
            <feature>
              <rects>
                <_>
                  10 2 4 4 -1.</_>
                <_>
                  12 2 2 2 2.</_>
                <_>
                  10 4 2 2 2.</_></rects>
              <tilted>0</tilted></feature>
            <threshold>-6.7625782685354352e-004</threshold>
            <left_val>-0.9656649231910706</left_val>
            <right_val>0.4693663120269775</right_val></_></_></trees>
      <stage_threshold>-0.4890243113040924</stage_threshold>
      <parent>6</parent>
      <next>-1</next></_>
    <_>
      <trees>
        <_>
          <_>
            <feature>
              <rects>
                <_>
                  0 10 4 12 -1.</_>
                <_>
                  0 10 2 6 2.</_>
                <_>
                  2 16 2 6 2.</_></rects>
              <tilted>0</tilted></feature>
            <threshold>0.0382770895957947</threshold>
            <left_val>-0.5484048128128052</left_val>
            <right_val>0.8575711846351624</right_val></_></_>
        <_>
          <_>
            <feature>
              <rects>
                <_>
                  11 5 3 11 -1.</_>
                <_>
                  12 5 1 11 3.</_></rects>
              <tilted>0</tilted></feature>
            <threshold>-0.0117434700950980</threshold>
            <left_val>-1.</left_val>
            <right_val>0.1295406073331833</right_val></_></_>
        <_>
          <_>
            <feature>
              <rects>
                <_>
                  10 6 3 18 -1.</_>
                <_>
                  11 6 1 18 3.</_></rects>
              <tilted>0</tilted></feature>
            <threshold>1.1258060112595558e-003</threshold>
            <left_val>-0.9501534104347229</left_val>
            <right_val>0.4496194124221802</right_val></_></_></trees>
      <stage_threshold>0.0307551901787519</stage_threshold>
      <parent>7</parent>
      <next>-1</next></_>
    <_>
      <trees>
        <_>
          <_>
            <feature>
              <rects>
                <_>
                  1 16 10 8 -1.</_>
                <_>
                  1 16 5 4 2.</_>
                <_>
                  6 20 5 4 2.</_></rects>
              <tilted>0</tilted></feature>
            <threshold>0.0598375797271729</threshold>
            <left_val>-0.5918005704879761</left_val>
            <right_val>0.8403499722480774</right_val></_></_>
        <_>
          <_>
            <feature>
              <rects>
                <_>
                  13 12 2 1 -1.</_>
                <_>
                  13 12 1 1 2.</_></rects>
              <tilted>0</tilted></feature>
            <threshold>3.2406718673883006e-005</threshold>
            <left_val>-0.2150660008192062</left_val>
            <right_val>0.5469359755516052</right_val></_></_>
        <_>
          <_>
            <feature>
              <rects>
                <_>
                  2 0 8 2 -1.</_>
                <_>
                  2 0 4 2 2.</_></rects>
              <tilted>1</tilted></feature>
            <threshold>-0.0248882807791233</threshold>
            <left_val>0.5771023035049439</left_val>
            <right_val>-0.6899179220199585</right_val></_></_></trees>
      <stage_threshold>-0.7347825169563294</stage_threshold>
      <parent>8</parent>
      <next>-1</next></_>
    <_>
      <trees>
        <_>
          <_>
            <feature>
              <rects>
                <_>
                  2 12 2 12 -1.</_>
                <_>
                  2 15 2 6 2.</_></rects>
              <tilted>0</tilted></feature>
            <threshold>0.0285971406847239</threshold>
            <left_val>-0.6958448886871338</left_val>
            <right_val>0.7296946048736572</right_val></_></_>
        <_>
          <_>
            <feature>
              <rects>
                <_>
                  11 5 2 6 -1.</_>
                <_>
                  12 5 1 3 2.</_>
                <_>
                  11 8 1 3 2.</_></rects>
              <tilted>0</tilted></feature>
            <threshold>3.6913719668518752e-005</threshold>
            <left_val>-0.7721557021141052</left_val>
            <right_val>0.5965179800987244</right_val></_></_>
        <_>
          <_>
            <feature>
              <rects>
                <_>
                  1 11 4 5 -1.</_>
                <_>
                  2 11 2 5 2.</_></rects>
              <tilted>0</tilted></feature>
            <threshold>-0.0107097402215004</threshold>
            <left_val>0.7619320154190064</left_val>
            <right_val>-0.5186806917190552</right_val></_></_></trees>
      <stage_threshold>-0.7060686945915222</stage_threshold>
      <parent>9</parent>
      <next>-1</next></_></stages></myhaar>
</opencv_storage>
