<?xml version="1.0"?>
<opencv_storage>
<myhaar type_id="opencv-haar-classifier">
  <size>
    24 24</size>
  <stages>
    <_>
      <trees>
        <_>
          <_>
            <feature>
              <rects>
                <_>
                  2 4 17 16 -1.</_>
                <_>
                  2 8 17 8 2.</_></rects>
              <tilted>0</tilted></feature>
            <threshold>-0.1716991066932678</threshold>
            <left_val>0.9166675209999085</left_val>
            <right_val>-0.9791995286941528</right_val></_></_>
        <_>
          <_>
            <feature>
              <rects>
                <_>
                  4 3 16 20 -1.</_>
                <_>
                  4 8 16 10 2.</_></rects>
              <tilted>0</tilted></feature>
            <threshold>-0.2055242061614990</threshold>
            <left_val>0.7475183010101318</left_val>
            <right_val>-0.9005566239356995</right_val></_></_>
        <_>
          <_>
            <feature>
              <rects>
                <_>
                  1 0 16 12 -1.</_>
                <_>
                  5 0 8 12 2.</_></rects>
              <tilted>0</tilted></feature>
            <threshold>0.0705036371946335</threshold>
            <left_val>-0.9617385268211365</left_val>
            <right_val>0.6835505962371826</right_val></_></_></trees>
      <stage_threshold>-1.1962050199508667</stage_threshold>
      <parent>-1</parent>
      <next>-1</next></_>
    <_>
      <trees>
        <_>
          <_>
            <feature>
              <rects>
                <_>
                  3 3 17 18 -1.</_>
                <_>
                  3 9 17 6 3.</_></rects>
              <tilted>0</tilted></feature>
            <threshold>-0.2912279069423676</threshold>
            <left_val>0.8098480105400085</left_val>
            <right_val>-0.9669101238250732</right_val></_></_>
        <_>
          <_>
            <feature>
              <rects>
                <_>
                  18 10 6 6 -1.</_>
                <_>
                  20 12 2 2 9.</_></rects>
              <tilted>0</tilted></feature>
            <threshold>-0.0387656502425671</threshold>
            <left_val>0.7116947174072266</left_val>
            <right_val>-0.4039578139781952</right_val></_></_>
        <_>
          <_>
            <feature>
              <rects>
                <_>
                  3 18 4 6 -1.</_>
                <_>
                  3 18 2 3 2.</_>
                <_>
                  5 21 2 3 2.</_></rects>
              <tilted>0</tilted></feature>
            <threshold>8.9729912579059601e-003</threshold>
            <left_val>-0.6984463930130005</left_val>
            <right_val>0.8579105734825134</right_val></_></_>
        <_>
          <_>
            <feature>
              <rects>
                <_>
                  7 11 12 13 -1.</_>
                <_>
                  7 11 6 13 2.</_></rects>
              <tilted>0</tilted></feature>
            <threshold>-2.5035669095814228e-003</threshold>
            <left_val>0.4660334885120392</left_val>
            <right_val>-0.9508591890335083</right_val></_></_></trees>
      <stage_threshold>-1.6032810211181641</stage_threshold>
      <parent>0</parent>
      <next>-1</next></_>
    <_>
      <trees>
        <_>
          <_>
            <feature>
              <rects>
                <_>
                  1 9 6 1 -1.</_>
                <_>
                  3 11 2 1 3.</_></rects>
              <tilted>1</tilted></feature>
            <threshold>-0.0183096192777157</threshold>
            <left_val>0.9177675247192383</left_val>
            <right_val>-0.7372022271156311</right_val></_></_>
        <_>
          <_>
            <feature>
              <rects>
                <_>
                  4 0 20 5 -1.</_>
                <_>
                  9 0 10 5 2.</_></rects>
              <tilted>0</tilted></feature>
            <threshold>0.0153385102748871</threshold>
            <left_val>-0.2557485997676849</left_val>
            <right_val>0.4215641021728516</right_val></_></_>
        <_>
          <_>
            <feature>
              <rects>
                <_>
                  0 0 20 5 -1.</_>
                <_>
                  5 0 10 5 2.</_></rects>
              <tilted>0</tilted></feature>
            <threshold>0.0596658699214458</threshold>
            <left_val>-0.9172347784042358</left_val>
            <right_val>0.6170117259025574</right_val></_></_>
        <_>
          <_>
            <feature>
              <rects>
                <_>
                  7 10 11 14 -1.</_>
                <_>
                  7 17 11 7 2.</_></rects>
              <tilted>0</tilted></feature>
            <threshold>0.1072499006986618</threshold>
            <left_val>-0.9528809189796448</left_val>
            <right_val>0.5230193734169006</right_val></_></_>
        <_>
          <_>
            <feature>
              <rects>
                <_>
                  11 4 6 2 -1.</_>
                <_>
                  11 4 3 2 2.</_></rects>
              <tilted>1</tilted></feature>
            <threshold>0.0206103492528200</threshold>
            <left_val>-0.9574108719825745</left_val>
            <right_val>0.5574651956558228</right_val></_></_></trees>
      <stage_threshold>-0.8297008872032166</stage_threshold>
      <parent>1</parent>
      <next>-1</next></_>
    <_>
      <trees>
        <_>
          <_>
            <feature>
              <rects>
                <_>
                  0 22 24 2 -1.</_>
                <_>
                  6 22 12 2 2.</_></rects>
              <tilted>0</tilted></feature>
            <threshold>0.0154021903872490</threshold>
            <left_val>-0.9682338237762451</left_val>
            <right_val>0.8745148777961731</right_val></_></_>
        <_>
          <_>
            <feature>
              <rects>
                <_>
                  12 0 12 8 -1.</_>
                <_>
                  16 0 4 8 3.</_></rects>
              <tilted>0</tilted></feature>
            <threshold>7.7035981230437756e-003</threshold>
            <left_val>-0.8237929940223694</left_val>
            <right_val>0.6985046863555908</right_val></_></_>
        <_>
          <_>
            <feature>
              <rects>
                <_>
                  11 6 12 1 -1.</_>
                <_>
                  14 9 6 1 2.</_></rects>
              <tilted>1</tilted></feature>
            <threshold>-0.0192597899585962</threshold>
            <left_val>0.9807553291320801</left_val>
            <right_val>-0.9999986290931702</right_val></_></_>
        <_>
          <_>
            <feature>
              <rects>
                <_>
                  19 8 3 9 -1.</_>
                <_>
                  20 11 1 3 9.</_></rects>
              <tilted>0</tilted></feature>
            <threshold>-4.7574099153280258e-003</threshold>
            <left_val>0.6896160840988159</left_val>
            <right_val>-0.8781095147132874</right_val></_></_>
        <_>
          <_>
            <feature>
              <rects>
                <_>
                  2 3 3 18 -1.</_>
                <_>
                  3 9 1 6 9.</_></rects>
              <tilted>0</tilted></feature>
            <threshold>-0.0621685199439526</threshold>
            <left_val>0.9062455892562866</left_val>
            <right_val>-0.9654284119606018</right_val></_></_></trees>
      <stage_threshold>0.2972087860107422</stage_threshold>
      <parent>2</parent>
      <next>-1</next></_>
    <_>
      <trees>
        <_>
          <_>
            <feature>
              <rects>
                <_>
                  2 10 6 10 -1.</_>
                <_>
                  2 10 3 5 2.</_>
                <_>
                  5 15 3 5 2.</_></rects>
              <tilted>0</tilted></feature>
            <threshold>-0.0375190712511539</threshold>
            <left_val>0.8548380136489868</left_val>
            <right_val>-0.6760228872299194</right_val></_></_>
        <_>
          <_>
            <feature>
              <rects>
                <_>
                  0 9 24 15 -1.</_>
                <_>
                  0 9 12 15 2.</_></rects>
              <tilted>0</tilted></feature>
            <threshold>-0.0794473886489868</threshold>
            <left_val>0.5245389938354492</left_val>
            <right_val>-0.9999998211860657</right_val></_></_></trees>
      <stage_threshold>-0.1514838933944702</stage_threshold>
      <parent>3</parent>
      <next>-1</next></_>
    <_>
      <trees>
        <_>
          <_>
            <feature>
              <rects>
                <_>
                  2 1 20 14 -1.</_>
                <_>
                  2 8 20 7 2.</_></rects>
              <tilted>0</tilted></feature>
            <threshold>-0.2646115124225617</threshold>
            <left_val>0.7174258232116699</left_val>
            <right_val>-0.7528293728828430</right_val></_></_>
        <_>
          <_>
            <feature>
              <rects>
                <_>
                  4 0 20 2 -1.</_>
                <_>
                  9 0 10 2 2.</_></rects>
              <tilted>0</tilted></feature>
            <threshold>0.0154496999457479</threshold>
            <left_val>-0.2222665995359421</left_val>
            <right_val>0.2544597983360291</right_val></_></_>
        <_>
          <_>
            <feature>
              <rects>
                <_>
                  0 0 20 2 -1.</_>
                <_>
                  5 0 10 2 2.</_></rects>
              <tilted>0</tilted></feature>
            <threshold>0.0259784404188395</threshold>
            <left_val>-0.8206018805503845</left_val>
            <right_val>0.5582863092422485</right_val></_></_>
        <_>
          <_>
            <feature>
              <rects>
                <_>
                  20 17 4 1 -1.</_>
                <_>
                  20 17 2 1 2.</_></rects>
              <tilted>1</tilted></feature>
            <threshold>8.5703987861052155e-004</threshold>
            <left_val>0.2326878011226654</left_val>
            <right_val>-0.4731389880180359</right_val></_></_>
        <_>
          <_>
            <feature>
              <rects>
                <_>
                  9 2 2 2 -1.</_>
                <_>
                  9 2 1 2 2.</_></rects>
              <tilted>1</tilted></feature>
            <threshold>-3.4863819018937647e-004</threshold>
            <left_val>-0.9849128127098084</left_val>
            <right_val>0.3879472911357880</right_val></_></_></trees>
      <stage_threshold>-1.1750630140304565</stage_threshold>
      <parent>4</parent>
      <next>-1</next></_>
    <_>
      <trees>
        <_>
          <_>
            <feature>
              <rects>
                <_>
                  2 2 18 21 -1.</_>
                <_>
                  2 9 18 7 3.</_></rects>
              <tilted>0</tilted></feature>
            <threshold>-0.4191063940525055</threshold>
            <left_val>0.5755550861358643</left_val>
            <right_val>-0.8175395727157593</right_val></_></_>
        <_>
          <_>
            <feature>
              <rects>
                <_>
                  18 12 6 12 -1.</_>
                <_>
                  20 16 2 4 9.</_></rects>
              <tilted>0</tilted></feature>
            <threshold>0.0756115615367889</threshold>
            <left_val>-0.1911374032497406</left_val>
            <right_val>0.2980839014053345</right_val></_></_>
        <_>
          <_>
            <feature>
              <rects>
                <_>
                  0 12 6 12 -1.</_>
                <_>
                  2 16 2 4 9.</_></rects>
              <tilted>0</tilted></feature>
            <threshold>0.1170035004615784</threshold>
            <left_val>-0.6005920171737671</left_val>
            <right_val>0.7495712041854858</right_val></_></_>
        <_>
          <_>
            <feature>
              <rects>
                <_>
                  10 0 12 15 -1.</_>
                <_>
                  13 0 6 15 2.</_></rects>
              <tilted>0</tilted></feature>
            <threshold>0.0483582392334938</threshold>
            <left_val>0.0936577022075653</left_val>
            <right_val>-1.0000540018081665</right_val></_></_>
        <_>
          <_>
            <feature>
              <rects>
                <_>
                  2 0 12 15 -1.</_>
                <_>
                  5 0 6 15 2.</_></rects>
              <tilted>0</tilted></feature>
            <threshold>0.0396915189921856</threshold>
            <left_val>-0.9805535078048706</left_val>
            <right_val>0.3933201134204865</right_val></_></_>
        <_>
          <_>
            <feature>
              <rects>
                <_>
                  23 2 1 20 -1.</_>
                <_>
                  23 7 1 10 2.</_></rects>
              <tilted>0</tilted></feature>
            <threshold>0.0102538000792265</threshold>
            <left_val>-0.5032870173454285</left_val>
            <right_val>0.5362123250961304</right_val></_></_>
        <_>
          <_>
            <feature>
              <rects>
                <_>
                  8 3 3 3 -1.</_>
                <_>
                  8 4 3 1 3.</_></rects>
              <tilted>0</tilted></feature>
            <threshold>-3.4993130248039961e-004</threshold>
            <left_val>-0.9921066164970398</left_val>
            <right_val>0.3636699020862579</right_val></_></_></trees>
      <stage_threshold>-1.2619080543518066</stage_threshold>
      <parent>5</parent>
      <next>-1</next></_>
    <_>
      <trees>
        <_>
          <_>
            <feature>
              <rects>
                <_>
                  0 2 1 20 -1.</_>
                <_>
                  0 7 1 10 2.</_></rects>
              <tilted>0</tilted></feature>
            <threshold>0.0116306999698281</threshold>
            <left_val>-0.6352360248565674</left_val>
            <right_val>0.7797070741653442</right_val></_></_>
        <_>
          <_>
            <feature>
              <rects>
                <_>
                  19 11 3 12 -1.</_>
                <_>
                  20 15 1 4 9.</_></rects>
              <tilted>0</tilted></feature>
            <threshold>2.6970920152962208e-003</threshold>
            <left_val>-0.2046573013067246</left_val>
            <right_val>0.1441821008920670</right_val></_></_>
        <_>
          <_>
            <feature>
              <rects>
                <_>
                  3 10 2 8 -1.</_>
                <_>
                  3 14 2 4 2.</_></rects>
              <tilted>0</tilted></feature>
            <threshold>0.0216988399624825</threshold>
            <left_val>-0.6407278180122376</left_val>
            <right_val>0.7238091230392456</right_val></_></_>
        <_>
          <_>
            <feature>
              <rects>
                <_>
                  13 12 2 1 -1.</_>
                <_>
                  13 12 1 1 2.</_></rects>
              <tilted>0</tilted></feature>
            <threshold>1.8143740817322396e-005</threshold>
            <left_val>-0.3179759085178375</left_val>
            <right_val>0.3865418136119843</right_val></_></_>
        <_>
          <_>
            <feature>
              <rects>
                <_>
                  9 16 2 6 -1.</_>
                <_>
                  10 16 1 6 2.</_></rects>
              <tilted>0</tilted></feature>
            <threshold>3.6942288716090843e-005</threshold>
            <left_val>-0.8529961109161377</left_val>
            <right_val>0.4265987873077393</right_val></_></_>
        <_>
          <_>
            <feature>
              <rects>
                <_>
                  22 0 2 12 -1.</_>
                <_>
                  18 4 2 4 3.</_></rects>
              <tilted>1</tilted></feature>
            <threshold>-0.0430808998644352</threshold>
            <left_val>-1.</left_val>
            <right_val>-0.0274424906820059</right_val></_></_>
        <_>
          <_>
            <feature>
              <rects>
                <_>
                  9 0 3 2 -1.</_>
                <_>
                  10 1 1 2 3.</_></rects>
              <tilted>1</tilted></feature>
            <threshold>7.4183940887451172e-004</threshold>
            <left_val>0.3421554863452911</left_val>
            <right_val>-0.9103351831436157</right_val></_></_></trees>
      <stage_threshold>-1.2835229635238647</stage_threshold>
      <parent>6</parent>
      <next>-1</next></_>
    <_>
      <trees>
        <_>
          <_>
            <feature>
              <rects>
                <_>
                  0 18 2 6 -1.</_>
                <_>
                  0 18 1 3 2.</_>
                <_>
                  1 21 1 3 2.</_></rects>
              <tilted>0</tilted></feature>
            <threshold>-2.8906590305268764e-003</threshold>
            <left_val>0.6664659976959229</left_val>
            <right_val>-0.7268477082252502</right_val></_></_>
        <_>
          <_>
            <feature>
              <rects>
                <_>
                  20 7 3 12 -1.</_>
                <_>
                  21 11 1 4 9.</_></rects>
              <tilted>0</tilted></feature>
            <threshold>-0.0649017617106438</threshold>
            <left_val>0.6673176884651184</left_val>
            <right_val>-0.1834470033645630</right_val></_></_>
        <_>
          <_>
            <feature>
              <rects>
                <_>
                  0 13 6 2 -1.</_>
                <_>
                  2 13 2 2 3.</_></rects>
              <tilted>0</tilted></feature>
            <threshold>-0.0127545697614551</threshold>
            <left_val>0.7222980856895447</left_val>
            <right_val>-0.5835056900978088</right_val></_></_>
        <_>
          <_>
            <feature>
              <rects>
                <_>
                  14 0 9 4 -1.</_>
                <_>
                  14 1 9 2 2.</_></rects>
              <tilted>0</tilted></feature>
            <threshold>3.5204859450459480e-003</threshold>
            <left_val>0.1871812045574188</left_val>
            <right_val>-0.7830430865287781</right_val></_></_>
        <_>
          <_>
            <feature>
              <rects>
                <_>
                  1 0 9 4 -1.</_>
                <_>
                  1 1 9 2 2.</_></rects>
              <tilted>0</tilted></feature>
            <threshold>1.1846650158986449e-004</threshold>
            <left_val>-0.8730595707893372</left_val>
            <right_val>0.4550170898437500</right_val></_></_></trees>
      <stage_threshold>-0.8738750815391541</stage_threshold>
      <parent>7</parent>
      <next>-1</next></_>
    <_>
      <trees>
        <_>
          <_>
            <feature>
              <rects>
                <_>
                  1 17 10 6 -1.</_>
                <_>
                  1 17 5 3 2.</_>
                <_>
                  6 20 5 3 2.</_></rects>
              <tilted>0</tilted></feature>
            <threshold>0.0369153581559658</threshold>
            <left_val>-0.6287338137626648</left_val>
            <right_val>0.7839559912681580</right_val></_></_>
        <_>
          <_>
            <feature>
              <rects>
                <_>
                  22 0 2 12 -1.</_>
                <_>
                  18 4 2 4 3.</_></rects>
              <tilted>1</tilted></feature>
            <threshold>-0.0229223407804966</threshold>
            <left_val>-0.5706949830055237</left_val>
            <right_val>0.0837747082114220</right_val></_></_>
        <_>
          <_>
            <feature>
              <rects>
                <_>
                  2 0 12 2 -1.</_>
                <_>
                  6 4 4 2 3.</_></rects>
              <tilted>1</tilted></feature>
            <threshold>0.0381140708923340</threshold>
            <left_val>-0.8151487708091736</left_val>
            <right_val>0.4362354874610901</right_val></_></_>
        <_>
          <_>
            <feature>
              <rects>
                <_>
                  15 0 2 3 -1.</_>
                <_>
                  14 1 2 1 3.</_></rects>
              <tilted>1</tilted></feature>
            <threshold>-6.9095962680876255e-004</threshold>
            <left_val>-0.8471575975418091</left_val>
            <right_val>0.1788783073425293</right_val></_></_>
        <_>
          <_>
            <feature>
              <rects>
                <_>
                  7 3 9 12 -1.</_>
                <_>
                  10 3 3 12 3.</_></rects>
              <tilted>0</tilted></feature>
            <threshold>3.6177830770611763e-003</threshold>
            <left_val>-0.9582816958427429</left_val>
            <right_val>0.3399016857147217</right_val></_></_>
        <_>
          <_>
            <feature>
              <rects>
                <_>
                  14 2 2 2 -1.</_>
                <_>
                  14 2 2 1 2.</_></rects>
              <tilted>1</tilted></feature>
            <threshold>4.7009831178002059e-004</threshold>
            <left_val>0.1136898994445801</left_val>
            <right_val>-0.9999995231628418</right_val></_></_>
        <_>
          <_>
            <feature>
              <rects>
                <_>
                  10 2 2 2 -1.</_>
                <_>
                  10 2 1 2 2.</_></rects>
              <tilted>1</tilted></feature>
            <threshold>-4.3666560668498278e-004</threshold>
            <left_val>-1.</left_val>
            <right_val>0.3063560128211975</right_val></_></_></trees>
      <stage_threshold>-1.4473179578781128</stage_threshold>
      <parent>8</parent>
      <next>-1</next></_></stages></myhaar>
</opencv_storage>
