<?xml version="1.0"?>
<opencv_storage>
<myhaar type_id="opencv-haar-classifier">
  <size>
    24 24</size>
  <stages>
    <_>
      <trees>
        <_>
          <_>
            <feature>
              <rects>
                <_>
                  2 4 16 15 -1.</_>
                <_>
                  2 9 16 5 3.</_></rects>
              <tilted>0</tilted></feature>
            <threshold>-0.2001859992742539</threshold>
            <left_val>0.9077640771865845</left_val>
            <right_val>-0.9158055782318115</right_val></_></_>
        <_>
          <_>
            <feature>
              <rects>
                <_>
                  7 0 16 15 -1.</_>
                <_>
                  11 0 8 15 2.</_></rects>
              <tilted>0</tilted></feature>
            <threshold>0.0731718912720680</threshold>
            <left_val>0.0811051502823830</left_val>
            <right_val>-0.8003699779510498</right_val></_></_>
        <_>
          <_>
            <feature>
              <rects>
                <_>
                  1 0 16 15 -1.</_>
                <_>
                  5 0 8 15 2.</_></rects>
              <tilted>0</tilted></feature>
            <threshold>0.0632867813110352</threshold>
            <left_val>-0.9875794053077698</left_val>
            <right_val>0.6550940275192261</right_val></_></_></trees>
      <stage_threshold>-0.1796063929796219</stage_threshold>
      <parent>-1</parent>
      <next>-1</next></_>
    <_>
      <trees>
        <_>
          <_>
            <feature>
              <rects>
                <_>
                  7 9 12 2 -1.</_>
                <_>
                  7 9 6 2 2.</_></rects>
              <tilted>1</tilted></feature>
            <threshold>-0.0342150889337063</threshold>
            <left_val>0.7853419184684753</left_val>
            <right_val>-0.9600868821144104</right_val></_></_>
        <_>
          <_>
            <feature>
              <rects>
                <_>
                  19 11 4 12 -1.</_>
                <_>
                  19 15 4 4 3.</_></rects>
              <tilted>0</tilted></feature>
            <threshold>0.0269287507981062</threshold>
            <left_val>-0.2452736049890518</left_val>
            <right_val>0.3892731070518494</right_val></_></_>
        <_>
          <_>
            <feature>
              <rects>
                <_>
                  1 11 4 12 -1.</_>
                <_>
                  1 15 4 4 3.</_></rects>
              <tilted>0</tilted></feature>
            <threshold>0.0499326810240746</threshold>
            <left_val>-0.7868831753730774</left_val>
            <right_val>0.8746135830879211</right_val></_></_></trees>
      <stage_threshold>-1.3576970100402832</stage_threshold>
      <parent>0</parent>
      <next>-1</next></_>
    <_>
      <trees>
        <_>
          <_>
            <feature>
              <rects>
                <_>
                  0 6 6 12 -1.</_>
                <_>
                  2 10 2 4 9.</_></rects>
              <tilted>0</tilted></feature>
            <threshold>-0.1509888023138046</threshold>
            <left_val>0.8580843806266785</left_val>
            <right_val>-0.7146567702293396</right_val></_></_>
        <_>
          <_>
            <feature>
              <rects>
                <_>
                  4 22 20 1 -1.</_>
                <_>
                  4 22 10 1 2.</_></rects>
              <tilted>0</tilted></feature>
            <threshold>0.0142931202426553</threshold>
            <left_val>0.1878729015588760</left_val>
            <right_val>-0.9665312170982361</right_val></_></_>
        <_>
          <_>
            <feature>
              <rects>
                <_>
                  0 21 24 3 -1.</_>
                <_>
                  8 22 8 1 9.</_></rects>
              <tilted>0</tilted></feature>
            <threshold>0.0542438291013241</threshold>
            <left_val>-0.9064298868179321</left_val>
            <right_val>0.6756917238235474</right_val></_></_>
        <_>
          <_>
            <feature>
              <rects>
                <_>
                  0 0 24 4 -1.</_>
                <_>
                  8 0 8 4 3.</_></rects>
              <tilted>0</tilted></feature>
            <threshold>0.0722872167825699</threshold>
            <left_val>-0.7654680013656616</left_val>
            <right_val>0.5205395817756653</right_val></_></_>
        <_>
          <_>
            <feature>
              <rects>
                <_>
                  0 13 3 3 -1.</_>
                <_>
                  1 13 1 3 3.</_></rects>
              <tilted>0</tilted></feature>
            <threshold>5.0240019336342812e-003</threshold>
            <left_val>-0.5404782891273499</left_val>
            <right_val>0.8554198145866394</right_val></_></_></trees>
      <stage_threshold>-1.3432619571685791</stage_threshold>
      <parent>1</parent>
      <next>-1</next></_>
    <_>
      <trees>
        <_>
          <_>
            <feature>
              <rects>
                <_>
                  10 3 3 20 -1.</_>
                <_>
                  10 8 3 10 2.</_></rects>
              <tilted>0</tilted></feature>
            <threshold>-0.0416161492466927</threshold>
            <left_val>0.7740947008132935</left_val>
            <right_val>-0.9339467287063599</right_val></_></_>
        <_>
          <_>
            <feature>
              <rects>
                <_>
                  20 12 2 12 -1.</_>
                <_>
                  20 16 2 4 3.</_></rects>
              <tilted>0</tilted></feature>
            <threshold>-0.0113227795809507</threshold>
            <left_val>0.4350056946277618</left_val>
            <right_val>-0.2439164966344833</right_val></_></_>
        <_>
          <_>
            <feature>
              <rects>
                <_>
                  2 12 2 12 -1.</_>
                <_>
                  2 16 2 4 3.</_></rects>
              <tilted>0</tilted></feature>
            <threshold>0.0365596003830433</threshold>
            <left_val>-0.6647778153419495</left_val>
            <right_val>0.8057137131690979</right_val></_></_>
        <_>
          <_>
            <feature>
              <rects>
                <_>
                  22 0 2 12 -1.</_>
                <_>
                  19 3 2 6 2.</_></rects>
              <tilted>1</tilted></feature>
            <threshold>0.0315841585397720</threshold>
            <left_val>-0.1206066012382507</left_val>
            <right_val>0.5932165980339050</right_val></_></_>
        <_>
          <_>
            <feature>
              <rects>
                <_>
                  2 0 12 2 -1.</_>
                <_>
                  5 3 6 2 2.</_></rects>
              <tilted>1</tilted></feature>
            <threshold>0.0170014407485724</threshold>
            <left_val>-1.</left_val>
            <right_val>0.4042091965675354</right_val></_></_></trees>
      <stage_threshold>-1.5590380430221558</stage_threshold>
      <parent>2</parent>
      <next>-1</next></_>
    <_>
      <trees>
        <_>
          <_>
            <feature>
              <rects>
                <_>
                  2 4 16 15 -1.</_>
                <_>
                  2 9 16 5 3.</_></rects>
              <tilted>0</tilted></feature>
            <threshold>-0.2356490939855576</threshold>
            <left_val>0.7826297283172607</left_val>
            <right_val>-0.8275353908538818</right_val></_></_>
        <_>
          <_>
            <feature>
              <rects>
                <_>
                  3 0 20 5 -1.</_>
                <_>
                  8 0 10 5 2.</_></rects>
              <tilted>0</tilted></feature>
            <threshold>0.0435319095849991</threshold>
            <left_val>-0.7189763188362122</left_val>
            <right_val>0.5666763186454773</right_val></_></_>
        <_>
          <_>
            <feature>
              <rects>
                <_>
                  8 14 8 1 -1.</_>
                <_>
                  8 14 4 1 2.</_></rects>
              <tilted>1</tilted></feature>
            <threshold>-9.8088374361395836e-003</threshold>
            <left_val>0.5351170897483826</left_val>
            <right_val>-0.8643231987953186</right_val></_></_>
        <_>
          <_>
            <feature>
              <rects>
                <_>
                  17 11 6 12 -1.</_>
                <_>
                  19 15 2 4 9.</_></rects>
              <tilted>0</tilted></feature>
            <threshold>-0.0635621175169945</threshold>
            <left_val>0.3022117018699646</left_val>
            <right_val>-0.1491135060787201</right_val></_></_>
        <_>
          <_>
            <feature>
              <rects>
                <_>
                  3 11 3 12 -1.</_>
                <_>
                  4 15 1 4 9.</_></rects>
              <tilted>0</tilted></feature>
            <threshold>0.0520429909229279</threshold>
            <left_val>-0.4846706092357636</left_val>
            <right_val>0.7266281247138977</right_val></_></_>
        <_>
          <_>
            <feature>
              <rects>
                <_>
                  16 3 1 10 -1.</_>
                <_>
                  16 3 1 5 2.</_></rects>
              <tilted>1</tilted></feature>
            <threshold>0.0237661991268396</threshold>
            <left_val>-0.1436637938022614</left_val>
            <right_val>0.4096503853797913</right_val></_></_></trees>
      <stage_threshold>-1.7888419628143311</stage_threshold>
      <parent>3</parent>
      <next>-1</next></_>
    <_>
      <trees>
        <_>
          <_>
            <feature>
              <rects>
                <_>
                  0 10 4 12 -1.</_>
                <_>
                  0 10 2 6 2.</_>
                <_>
                  2 16 2 6 2.</_></rects>
              <tilted>0</tilted></feature>
            <threshold>0.0388298593461514</threshold>
            <left_val>-0.5596069097518921</left_val>
            <right_val>0.9345213770866394</right_val></_></_>
        <_>
          <_>
            <feature>
              <rects>
                <_>
                  4 0 20 6 -1.</_>
                <_>
                  9 0 10 6 2.</_></rects>
              <tilted>0</tilted></feature>
            <threshold>0.0298107806593180</threshold>
            <left_val>-0.2814927995204926</left_val>
            <right_val>0.4418795108795166</right_val></_></_>
        <_>
          <_>
            <feature>
              <rects>
                <_>
                  8 2 10 1 -1.</_>
                <_>
                  8 2 5 1 2.</_></rects>
              <tilted>1</tilted></feature>
            <threshold>0.0223996192216873</threshold>
            <left_val>-0.7205970287322998</left_val>
            <right_val>0.6098152995109558</right_val></_></_>
        <_>
          <_>
            <feature>
              <rects>
                <_>
                  19 11 2 6 -1.</_>
                <_>
                  19 14 2 3 2.</_></rects>
              <tilted>0</tilted></feature>
            <threshold>-7.2102458216249943e-003</threshold>
            <left_val>0.3690758943557739</left_val>
            <right_val>-0.1121457964181900</right_val></_></_>
        <_>
          <_>
            <feature>
              <rects>
                <_>
                  3 11 2 6 -1.</_>
                <_>
                  3 14 2 3 2.</_></rects>
              <tilted>0</tilted></feature>
            <threshold>0.0165379196405411</threshold>
            <left_val>-0.6059285998344421</left_val>
            <right_val>0.6636353731155396</right_val></_></_>
        <_>
          <_>
            <feature>
              <rects>
                <_>
                  4 0 20 6 -1.</_>
                <_>
                  9 0 10 6 2.</_></rects>
              <tilted>0</tilted></feature>
            <threshold>0.0895324274897575</threshold>
            <left_val>0.0583339892327785</left_val>
            <right_val>-0.8735179901123047</right_val></_></_>
        <_>
          <_>
            <feature>
              <rects>
                <_>
                  0 0 20 6 -1.</_>
                <_>
                  5 0 10 6 2.</_></rects>
              <tilted>0</tilted></feature>
            <threshold>0.0687531977891922</threshold>
            <left_val>-0.7980747222900391</left_val>
            <right_val>0.5161135792732239</right_val></_></_></trees>
      <stage_threshold>-1.6890989542007446</stage_threshold>
      <parent>4</parent>
      <next>-1</next></_>
    <_>
      <trees>
        <_>
          <_>
            <feature>
              <rects>
                <_>
                  2 2 20 20 -1.</_>
                <_>
                  2 7 20 10 2.</_></rects>
              <tilted>0</tilted></feature>
            <threshold>-0.2669335007667542</threshold>
            <left_val>0.7179977297782898</left_val>
            <right_val>-0.7439634203910828</right_val></_></_>
        <_>
          <_>
            <feature>
              <rects>
                <_>
                  0 10 24 13 -1.</_>
                <_>
                  0 10 12 13 2.</_></rects>
              <tilted>0</tilted></feature>
            <threshold>-0.0697005167603493</threshold>
            <left_val>0.4524438083171845</left_val>
            <right_val>-0.9868885874748230</right_val></_></_></trees>
      <stage_threshold>-0.2915196120738983</stage_threshold>
      <parent>5</parent>
      <next>-1</next></_>
    <_>
      <trees>
        <_>
          <_>
            <feature>
              <rects>
                <_>
                  2 12 2 12 -1.</_>
                <_>
                  2 15 2 6 2.</_></rects>
              <tilted>0</tilted></feature>
            <threshold>0.0286777801811695</threshold>
            <left_val>-0.6847320795059204</left_val>
            <right_val>0.6680359840393066</right_val></_></_>
        <_>
          <_>
            <feature>
              <rects>
                <_>
                  0 1 24 2 -1.</_>
                <_>
                  6 1 12 2 2.</_></rects>
              <tilted>0</tilted></feature>
            <threshold>0.0460621602833271</threshold>
            <left_val>-0.5645560026168823</left_val>
            <right_val>0.6346765756607056</right_val></_></_>
        <_>
          <_>
            <feature>
              <rects>
                <_>
                  10 4 3 12 -1.</_>
                <_>
                  11 4 1 12 3.</_></rects>
              <tilted>0</tilted></feature>
            <threshold>6.2282651197165251e-004</threshold>
            <left_val>-0.9606360793113709</left_val>
            <right_val>0.3811706006526947</right_val></_></_>
        <_>
          <_>
            <feature>
              <rects>
                <_>
                  11 20 2 2 -1.</_>
                <_>
                  11 21 2 1 2.</_></rects>
              <tilted>0</tilted></feature>
            <threshold>2.1707349515054375e-004</threshold>
            <left_val>0.3134672939777374</left_val>
            <right_val>-0.9060723781585693</right_val></_></_></trees>
      <stage_threshold>-0.5749573707580566</stage_threshold>
      <parent>6</parent>
      <next>-1</next></_>
    <_>
      <trees>
        <_>
          <_>
            <feature>
              <rects>
                <_>
                  1 17 10 6 -1.</_>
                <_>
                  1 17 5 3 2.</_>
                <_>
                  6 20 5 3 2.</_></rects>
              <tilted>0</tilted></feature>
            <threshold>0.0363418795168400</threshold>
            <left_val>-0.6486278176307678</left_val>
            <right_val>0.6785004138946533</right_val></_></_>
        <_>
          <_>
            <feature>
              <rects>
                <_>
                  11 0 12 19 -1.</_>
                <_>
                  15 0 4 19 3.</_></rects>
              <tilted>0</tilted></feature>
            <threshold>0.0694925710558891</threshold>
            <left_val>0.0808362364768982</left_val>
            <right_val>-0.9999793767929077</right_val></_></_>
        <_>
          <_>
            <feature>
              <rects>
                <_>
                  1 0 12 19 -1.</_>
                <_>
                  5 0 4 19 3.</_></rects>
              <tilted>0</tilted></feature>
            <threshold>0.0187353193759918</threshold>
            <left_val>-0.9588823914527893</left_val>
            <right_val>0.3725115954875946</right_val></_></_></trees>
      <stage_threshold>-0.1995456963777542</stage_threshold>
      <parent>7</parent>
      <next>-1</next></_>
    <_>
      <trees>
        <_>
          <_>
            <feature>
              <rects>
                <_>
                  0 7 6 9 -1.</_>
                <_>
                  2 10 2 3 9.</_></rects>
              <tilted>0</tilted></feature>
            <threshold>-0.1180092021822929</threshold>
            <left_val>0.7297946214675903</left_val>
            <right_val>-0.6314297914505005</right_val></_></_>
        <_>
          <_>
            <feature>
              <rects>
                <_>
                  9 18 6 4 -1.</_>
                <_>
                  12 18 3 2 2.</_>
                <_>
                  9 20 3 2 2.</_></rects>
              <tilted>0</tilted></feature>
            <threshold>3.7079840694786981e-005</threshold>
            <left_val>-0.8404151201248169</left_val>
            <right_val>0.4138284921646118</right_val></_></_>
        <_>
          <_>
            <feature>
              <rects>
                <_>
                  1 1 20 8 -1.</_>
                <_>
                  11 1 10 8 2.</_></rects>
              <tilted>0</tilted></feature>
            <threshold>0.1241850033402443</threshold>
            <left_val>-0.4529336988925934</left_val>
            <right_val>0.7992609739303589</right_val></_></_>
        <_>
          <_>
            <feature>
              <rects>
                <_>
                  12 6 2 4 -1.</_>
                <_>
                  12 6 2 2 2.</_></rects>
              <tilted>1</tilted></feature>
            <threshold>-0.0111651103943586</threshold>
            <left_val>-1.</left_val>
            <right_val>0.0703816562891006</right_val></_></_>
        <_>
          <_>
            <feature>
              <rects>
                <_>
                  11 11 1 3 -1.</_>
                <_>
                  10 12 1 1 3.</_></rects>
              <tilted>1</tilted></feature>
            <threshold>-2.3928519804030657e-003</threshold>
            <left_val>0.5212947130203247</left_val>
            <right_val>-0.6316310763359070</right_val></_></_>
        <_>
          <_>
            <feature>
              <rects>
                <_>
                  10 1 5 4 -1.</_>
                <_>
                  10 2 5 2 2.</_></rects>
              <tilted>0</tilted></feature>
            <threshold>-6.9128407631069422e-004</threshold>
            <left_val>-0.9015616178512573</left_val>
            <right_val>0.2866207957267761</right_val></_></_></trees>
      <stage_threshold>-0.9804202914237976</stage_threshold>
      <parent>8</parent>
      <next>-1</next></_>
    <_>
      <trees>
        <_>
          <_>
            <feature>
              <rects>
                <_>
                  0 10 4 12 -1.</_>
                <_>
                  0 10 2 6 2.</_>
                <_>
                  2 16 2 6 2.</_></rects>
              <tilted>0</tilted></feature>
            <threshold>0.0433340109884739</threshold>
            <left_val>-0.5115125179290772</left_val>
            <right_val>0.8099380135536194</right_val></_></_>
        <_>
          <_>
            <feature>
              <rects>
                <_>
                  1 0 23 12 -1.</_>
                <_>
                  1 4 23 4 3.</_></rects>
              <tilted>0</tilted></feature>
            <threshold>0.0886918231844902</threshold>
            <left_val>-0.6871196031570435</left_val>
            <right_val>0.4091697037220001</right_val></_></_>
        <_>
          <_>
            <feature>
              <rects>
                <_>
                  9 15 2 8 -1.</_>
                <_>
                  10 15 1 8 2.</_></rects>
              <tilted>0</tilted></feature>
            <threshold>3.6821438698098063e-005</threshold>
            <left_val>-1.</left_val>
            <right_val>0.3455148935317993</right_val></_></_>
        <_>
          <_>
            <feature>
              <rects>
                <_>
                  17 12 6 9 -1.</_>
                <_>
                  19 15 2 3 9.</_></rects>
              <tilted>0</tilted></feature>
            <threshold>-0.0400624200701714</threshold>
            <left_val>0.3051596879959106</left_val>
            <right_val>-0.2374642938375473</right_val></_></_>
        <_>
          <_>
            <feature>
              <rects>
                <_>
                  6 12 3 4 -1.</_>
                <_>
                  7 13 1 4 3.</_></rects>
              <tilted>1</tilted></feature>
            <threshold>0.0196435097604990</threshold>
            <left_val>-0.3810338079929352</left_val>
            <right_val>0.8207644224166870</right_val></_></_>
        <_>
          <_>
            <feature>
              <rects>
                <_>
                  15 12 3 7 -1.</_>
                <_>
                  16 13 1 7 3.</_></rects>
              <tilted>1</tilted></feature>
            <threshold>-0.0139591097831726</threshold>
            <left_val>-0.5384616255760193</left_val>
            <right_val>0.1271865069866180</right_val></_></_>
        <_>
          <_>
            <feature>
              <rects>
                <_>
                  2 0 16 2 -1.</_>
                <_>
                  6 4 8 2 2.</_></rects>
              <tilted>1</tilted></feature>
            <threshold>5.7650301605463028e-003</threshold>
            <left_val>-0.8363705873489380</left_val>
            <right_val>0.3581323027610779</right_val></_></_></trees>
      <stage_threshold>-0.9862964153289795</stage_threshold>
      <parent>9</parent>
      <next>-1</next></_>
    <_>
      <trees>
        <_>
          <_>
            <feature>
              <rects>
                <_>
                  3 4 15 15 -1.</_>
                <_>
                  3 9 15 5 3.</_></rects>
              <tilted>0</tilted></feature>
            <threshold>-0.2236517965793610</threshold>
            <left_val>0.5959994792938232</left_val>
            <right_val>-0.7789775729179382</right_val></_></_>
        <_>
          <_>
            <feature>
              <rects>
                <_>
                  16 18 4 6 -1.</_>
                <_>
                  18 18 2 3 2.</_>
                <_>
                  16 21 2 3 2.</_></rects>
              <tilted>0</tilted></feature>
            <threshold>-6.4810230396687984e-003</threshold>
            <left_val>-0.7060614228248596</left_val>
            <right_val>0.0492215491831303</right_val></_></_>
        <_>
          <_>
            <feature>
              <rects>
                <_>
                  4 18 4 6 -1.</_>
                <_>
                  4 18 2 3 2.</_>
                <_>
                  6 21 2 3 2.</_></rects>
              <tilted>0</tilted></feature>
            <threshold>7.2507672011852264e-003</threshold>
            <left_val>-0.6274071931838989</left_val>
            <right_val>0.5135855078697205</right_val></_></_>
        <_>
          <_>
            <feature>
              <rects>
                <_>
                  9 21 6 1 -1.</_>
                <_>
                  9 21 3 1 2.</_></rects>
              <tilted>0</tilted></feature>
            <threshold>5.2881287410855293e-004</threshold>
            <left_val>0.3009051978588104</left_val>
            <right_val>-0.9614818096160889</right_val></_></_>
        <_>
          <_>
            <feature>
              <rects>
                <_>
                  6 13 6 3 -1.</_>
                <_>
                  8 14 2 1 9.</_></rects>
              <tilted>0</tilted></feature>
            <threshold>0.0167998597025871</threshold>
            <left_val>-0.4456008970737457</left_val>
            <right_val>0.7039923071861267</right_val></_></_>
        <_>
          <_>
            <feature>
              <rects>
                <_>
                  12 3 3 3 -1.</_>
                <_>
                  13 4 1 1 9.</_></rects>
              <tilted>0</tilted></feature>
            <threshold>-1.3720080023631454e-003</threshold>
            <left_val>-0.7914434075355530</left_val>
            <right_val>0.2321379929780960</right_val></_></_>
        <_>
          <_>
            <feature>
              <rects>
                <_>
                  9 0 3 2 -1.</_>
                <_>
                  9 0 3 1 2.</_></rects>
              <tilted>1</tilted></feature>
            <threshold>6.2196899671107531e-004</threshold>
            <left_val>0.2779647111892700</left_val>
            <right_val>-0.9623187780380249</right_val></_></_></trees>
      <stage_threshold>-0.9917560815811157</stage_threshold>
      <parent>10</parent>
      <next>-1</next></_></stages></myhaar>
</opencv_storage>
