<?xml version="1.0"?>
<opencv_storage>
<myhaar type_id="opencv-haar-classifier">
  <size>
    24 24</size>
  <stages>
    <_>
      <trees>
        <_>
          <_>
            <feature>
              <rects>
                <_>
                  4 1 9 12 -1.</_>
                <_>
                  7 5 3 4 9.</_></rects>
              <tilted>0</tilted></feature>
            <threshold>-0.2019114941358566</threshold>
            <left_val>0.9732403159141541</left_val>
            <right_val>-0.9634832739830017</right_val></_></_>
        <_>
          <_>
            <feature>
              <rects>
                <_>
                  12 0 9 12 -1.</_>
                <_>
                  15 3 3 12 3.</_></rects>
              <tilted>1</tilted></feature>
            <threshold>0.0589333400130272</threshold>
            <left_val>-0.7767407894134522</left_val>
            <right_val>0.5573741793632507</right_val></_></_></trees>
      <stage_threshold>-0.4061090946197510</stage_threshold>
      <parent>-1</parent>
      <next>-1</next></_>
    <_>
      <trees>
        <_>
          <_>
            <feature>
              <rects>
                <_>
                  12 1 12 8 -1.</_>
                <_>
                  10 3 12 4 2.</_></rects>
              <tilted>1</tilted></feature>
            <threshold>-0.1267383992671967</threshold>
            <left_val>0.9810361862182617</left_val>
            <right_val>-0.9636256098747253</right_val></_></_>
        <_>
          <_>
            <feature>
              <rects>
                <_>
                  0 5 24 5 -1.</_>
                <_>
                  6 5 12 5 2.</_></rects>
              <tilted>0</tilted></feature>
            <threshold>-0.1029715985059738</threshold>
            <left_val>0.9418938755989075</left_val>
            <right_val>-0.9654107093811035</right_val></_></_></trees>
      <stage_threshold>-0.0217316690832376</stage_threshold>
      <parent>0</parent>
      <next>-1</next></_>
    <_>
      <trees>
        <_>
          <_>
            <feature>
              <rects>
                <_>
                  0 12 18 12 -1.</_>
                <_>
                  0 12 9 6 2.</_>
                <_>
                  9 18 9 6 2.</_></rects>
              <tilted>0</tilted></feature>
            <threshold>0.1745814979076386</threshold>
            <left_val>-0.9260768294334412</left_val>
            <right_val>0.9129166007041931</right_val></_></_>
        <_>
          <_>
            <feature>
              <rects>
                <_>
                  2 0 21 6 -1.</_>
                <_>
                  9 2 7 2 9.</_></rects>
              <tilted>0</tilted></feature>
            <threshold>0.1012889966368675</threshold>
            <left_val>-0.9143955707550049</left_val>
            <right_val>0.7159941196441650</right_val></_></_></trees>
      <stage_threshold>-0.2100826948881149</stage_threshold>
      <parent>1</parent>
      <next>-1</next></_>
    <_>
      <trees>
        <_>
          <_>
            <feature>
              <rects>
                <_>
                  8 1 16 1 -1.</_>
                <_>
                  12 5 8 1 2.</_></rects>
              <tilted>1</tilted></feature>
            <threshold>-0.0399982295930386</threshold>
            <left_val>0.9128162860870361</left_val>
            <right_val>-0.8912078738212585</right_val></_></_>
        <_>
          <_>
            <feature>
              <rects>
                <_>
                  17 16 7 8 -1.</_>
                <_>
                  17 20 7 4 2.</_></rects>
              <tilted>0</tilted></feature>
            <threshold>-1.4713830314576626e-003</threshold>
            <left_val>0.4277330040931702</left_val>
            <right_val>-0.6135566234588623</right_val></_></_>
        <_>
          <_>
            <feature>
              <rects>
                <_>
                  0 16 7 8 -1.</_>
                <_>
                  0 20 7 4 2.</_></rects>
              <tilted>0</tilted></feature>
            <threshold>-0.0500112511217594</threshold>
            <left_val>0.8387398719787598</left_val>
            <right_val>-0.9092962741851807</right_val></_></_></trees>
      <stage_threshold>-1.3727710247039795</stage_threshold>
      <parent>2</parent>
      <next>-1</next></_>
    <_>
      <trees>
        <_>
          <_>
            <feature>
              <rects>
                <_>
                  0 0 2 24 -1.</_>
                <_>
                  0 6 2 12 2.</_></rects>
              <tilted>0</tilted></feature>
            <threshold>0.0493929982185364</threshold>
            <left_val>-0.8874667882919312</left_val>
            <right_val>0.8497741818428040</right_val></_></_>
        <_>
          <_>
            <feature>
              <rects>
                <_>
                  5 2 16 14 -1.</_>
                <_>
                  5 2 8 14 2.</_></rects>
              <tilted>0</tilted></feature>
            <threshold>0.0362162701785564</threshold>
            <left_val>-0.9593557715415955</left_val>
            <right_val>0.4897758066654205</right_val></_></_></trees>
      <stage_threshold>-0.3976910114288330</stage_threshold>
      <parent>3</parent>
      <next>-1</next></_>
    <_>
      <trees>
        <_>
          <_>
            <feature>
              <rects>
                <_>
                  3 0 6 3 -1.</_>
                <_>
                  5 2 2 3 3.</_></rects>
              <tilted>1</tilted></feature>
            <threshold>0.0565041303634644</threshold>
            <left_val>-0.8293626904487610</left_val>
            <right_val>0.9644315838813782</right_val></_></_>
        <_>
          <_>
            <feature>
              <rects>
                <_>
                  10 12 4 11 -1.</_>
                <_>
                  10 12 2 11 2.</_></rects>
              <tilted>0</tilted></feature>
            <threshold>-5.6387409567832947e-003</threshold>
            <left_val>0.6343321204185486</left_val>
            <right_val>-0.9801924824714661</right_val></_></_></trees>
      <stage_threshold>-0.1950305998325348</stage_threshold>
      <parent>4</parent>
      <next>-1</next></_>
    <_>
      <trees>
        <_>
          <_>
            <feature>
              <rects>
                <_>
                  5 1 6 12 -1.</_>
                <_>
                  5 5 6 4 3.</_></rects>
              <tilted>0</tilted></feature>
            <threshold>-0.1471409052610397</threshold>
            <left_val>0.8881695866584778</left_val>
            <right_val>-0.8073459863662720</right_val></_></_>
        <_>
          <_>
            <feature>
              <rects>
                <_>
                  5 11 16 6 -1.</_>
                <_>
                  5 11 8 6 2.</_></rects>
              <tilted>0</tilted></feature>
            <threshold>0.0599782802164555</threshold>
            <left_val>-1.</left_val>
            <right_val>0.4123556911945343</right_val></_></_></trees>
      <stage_threshold>-0.3949902951717377</stage_threshold>
      <parent>5</parent>
      <next>-1</next></_></stages></myhaar>
</opencv_storage>
