<?xml version="1.0"?>
<opencv_storage>
<myhaar type_id="opencv-haar-classifier">
  <size>
    24 24</size>
  <stages>
    <_>
      <trees>
        <_>
          <_>
            <feature>
              <rects>
                <_>
                  12 1 12 8 -1.</_>
                <_>
                  10 3 12 4 2.</_></rects>
              <tilted>1</tilted></feature>
            <threshold>-0.1253463029861450</threshold>
            <left_val>0.9730213880538940</left_val>
            <right_val>-0.9634909033775330</right_val></_></_>
        <_>
          <_>
            <feature>
              <rects>
                <_>
                  11 1 9 12 -1.</_>
                <_>
                  14 5 3 4 9.</_></rects>
              <tilted>0</tilted></feature>
            <threshold>0.0171322692185640</threshold>
            <left_val>0.2267286032438278</left_val>
            <right_val>-0.8736919760704041</right_val></_></_>
        <_>
          <_>
            <feature>
              <rects>
                <_>
                  6 5 5 10 -1.</_>
                <_>
                  6 10 5 5 2.</_></rects>
              <tilted>0</tilted></feature>
            <threshold>0.0543502904474735</threshold>
            <left_val>-1.</left_val>
            <right_val>0.8670123815536499</right_val></_></_></trees>
      <stage_threshold>0.1302500963211060</stage_threshold>
      <parent>-1</parent>
      <next>-1</next></_>
    <_>
      <trees>
        <_>
          <_>
            <feature>
              <rects>
                <_>
                  0 12 18 12 -1.</_>
                <_>
                  0 12 9 6 2.</_>
                <_>
                  9 18 9 6 2.</_></rects>
              <tilted>0</tilted></feature>
            <threshold>0.1474501937627792</threshold>
            <left_val>-0.9811062216758728</left_val>
            <right_val>0.9260823130607605</right_val></_></_>
        <_>
          <_>
            <feature>
              <rects>
                <_>
                  12 1 8 12 -1.</_>
                <_>
                  14 3 4 12 2.</_></rects>
              <tilted>1</tilted></feature>
            <threshold>0.0413191393017769</threshold>
            <left_val>-0.8206729888916016</left_val>
            <right_val>0.3273730874061585</right_val></_></_></trees>
      <stage_threshold>-0.6537330746650696</stage_threshold>
      <parent>0</parent>
      <next>-1</next></_>
    <_>
      <trees>
        <_>
          <_>
            <feature>
              <rects>
                <_>
                  6 1 8 12 -1.</_>
                <_>
                  6 5 8 4 3.</_></rects>
              <tilted>0</tilted></feature>
            <threshold>-0.1432715952396393</threshold>
            <left_val>0.9457743763923645</left_val>
            <right_val>-0.9273297786712647</right_val></_></_>
        <_>
          <_>
            <feature>
              <rects>
                <_>
                  17 0 7 10 -1.</_>
                <_>
                  17 0 7 5 2.</_></rects>
              <tilted>1</tilted></feature>
            <threshold>7.9822577536106110e-003</threshold>
            <left_val>-0.8593519926071167</left_val>
            <right_val>0.5607390999794006</right_val></_></_></trees>
      <stage_threshold>-0.3665907084941864</stage_threshold>
      <parent>1</parent>
      <next>-1</next></_>
    <_>
      <trees>
        <_>
          <_>
            <feature>
              <rects>
                <_>
                  0 0 10 10 -1.</_>
                <_>
                  0 0 5 5 2.</_>
                <_>
                  5 5 5 5 2.</_></rects>
              <tilted>0</tilted></feature>
            <threshold>-0.0828879028558731</threshold>
            <left_val>0.9541804194450378</left_val>
            <right_val>-0.9103704094886780</right_val></_></_>
        <_>
          <_>
            <feature>
              <rects>
                <_>
                  12 0 11 12 -1.</_>
                <_>
                  9 3 11 6 2.</_></rects>
              <tilted>1</tilted></feature>
            <threshold>-0.1131884977221489</threshold>
            <left_val>0.3089010119438171</left_val>
            <right_val>-0.2449232935905457</right_val></_></_>
        <_>
          <_>
            <feature>
              <rects>
                <_>
                  5 9 12 2 -1.</_>
                <_>
                  9 13 4 2 3.</_></rects>
              <tilted>1</tilted></feature>
            <threshold>-0.0313065089285374</threshold>
            <left_val>0.8009933829307556</left_val>
            <right_val>-0.9649019837379456</right_val></_></_></trees>
      <stage_threshold>-0.3543002903461456</stage_threshold>
      <parent>2</parent>
      <next>-1</next></_>
    <_>
      <trees>
        <_>
          <_>
            <feature>
              <rects>
                <_>
                  8 1 16 1 -1.</_>
                <_>
                  12 5 8 1 2.</_></rects>
              <tilted>1</tilted></feature>
            <threshold>-0.0396292693912983</threshold>
            <left_val>0.9492378234863281</left_val>
            <right_val>-0.8931689262390137</right_val></_></_>
        <_>
          <_>
            <feature>
              <rects>
                <_>
                  17 16 7 8 -1.</_>
                <_>
                  17 20 7 4 2.</_></rects>
              <tilted>0</tilted></feature>
            <threshold>-1.4091839548200369e-003</threshold>
            <left_val>0.4192770123481751</left_val>
            <right_val>-0.5808812975883484</right_val></_></_>
        <_>
          <_>
            <feature>
              <rects>
                <_>
                  0 16 7 8 -1.</_>
                <_>
                  0 20 7 4 2.</_></rects>
              <tilted>0</tilted></feature>
            <threshold>-0.0497753210365772</threshold>
            <left_val>0.8195993900299072</left_val>
            <right_val>-0.9043182730674744</right_val></_></_></trees>
      <stage_threshold>-1.3782099485397339</stage_threshold>
      <parent>3</parent>
      <next>-1</next></_>
    <_>
      <trees>
        <_>
          <_>
            <feature>
              <rects>
                <_>
                  0 6 24 5 -1.</_>
                <_>
                  6 6 12 5 2.</_></rects>
              <tilted>0</tilted></feature>
            <threshold>-0.1307840049266815</threshold>
            <left_val>0.9346088171005249</left_val>
            <right_val>-0.8591452836990356</right_val></_></_>
        <_>
          <_>
            <feature>
              <rects>
                <_>
                  4 1 16 17 -1.</_>
                <_>
                  4 1 8 17 2.</_></rects>
              <tilted>0</tilted></feature>
            <threshold>0.1075221002101898</threshold>
            <left_val>-1.</left_val>
            <right_val>0.7526013255119324</right_val></_></_></trees>
      <stage_threshold>-0.1065440028905869</stage_threshold>
      <parent>4</parent>
      <next>-1</next></_>
    <_>
      <trees>
        <_>
          <_>
            <feature>
              <rects>
                <_>
                  2 0 4 2 -1.</_>
                <_>
                  2 0 2 2 2.</_></rects>
              <tilted>1</tilted></feature>
            <threshold>-0.0194480102509260</threshold>
            <left_val>0.9043917059898377</left_val>
            <right_val>-0.8737447261810303</right_val></_></_>
        <_>
          <_>
            <feature>
              <rects>
                <_>
                  10 13 4 7 -1.</_>
                <_>
                  10 13 2 7 2.</_></rects>
              <tilted>0</tilted></feature>
            <threshold>-6.4505520276725292e-003</threshold>
            <left_val>0.6573219895362854</left_val>
            <right_val>-0.9128322005271912</right_val></_></_></trees>
      <stage_threshold>-0.2164227068424225</stage_threshold>
      <parent>5</parent>
      <next>-1</next></_></stages></myhaar>
</opencv_storage>
