<?xml version="1.0"?>
<opencv_storage>
<myhaar type_id="opencv-haar-classifier">
  <size>
    24 24</size>
  <stages>
    <_>
      <trees>
        <_>
          <_>
            <feature>
              <rects>
                <_>
                  4 1 9 12 -1.</_>
                <_>
                  7 5 3 4 9.</_></rects>
              <tilted>0</tilted></feature>
            <threshold>-0.2019114941358566</threshold>
            <left_val>0.9775329828262329</left_val>
            <right_val>-0.9635465741157532</right_val></_></_>
        <_>
          <_>
            <feature>
              <rects>
                <_>
                  12 0 9 12 -1.</_>
                <_>
                  15 3 3 12 3.</_></rects>
              <tilted>1</tilted></feature>
            <threshold>0.0589333400130272</threshold>
            <left_val>-0.7785230875015259</left_val>
            <right_val>0.5762060284614563</right_val></_></_></trees>
      <stage_threshold>-0.3873404860496521</stage_threshold>
      <parent>-1</parent>
      <next>-1</next></_>
    <_>
      <trees>
        <_>
          <_>
            <feature>
              <rects>
                <_>
                  12 1 12 8 -1.</_>
                <_>
                  10 3 12 4 2.</_></rects>
              <tilted>1</tilted></feature>
            <threshold>-0.1261848062276840</threshold>
            <left_val>0.9894521832466126</left_val>
            <right_val>-0.9637600183486939</right_val></_></_>
        <_>
          <_>
            <feature>
              <rects>
                <_>
                  6 10 16 14 -1.</_>
                <_>
                  14 10 8 7 2.</_>
                <_>
                  6 17 8 7 2.</_></rects>
              <tilted>0</tilted></feature>
            <threshold>-0.0163423493504524</threshold>
            <left_val>0.5160043835639954</left_val>
            <right_val>-0.8370364904403687</right_val></_></_></trees>
      <stage_threshold>-0.4477556049823761</stage_threshold>
      <parent>0</parent>
      <next>-1</next></_>
    <_>
      <trees>
        <_>
          <_>
            <feature>
              <rects>
                <_>
                  0 5 24 5 -1.</_>
                <_>
                  6 5 12 5 2.</_></rects>
              <tilted>0</tilted></feature>
            <threshold>-0.1034390032291412</threshold>
            <left_val>0.9483507871627808</left_val>
            <right_val>-0.9630001187324524</right_val></_></_>
        <_>
          <_>
            <feature>
              <rects>
                <_>
                  13 0 8 12 -1.</_>
                <_>
                  15 2 4 12 2.</_></rects>
              <tilted>1</tilted></feature>
            <threshold>0.0854381620883942</threshold>
            <left_val>0.1523306965827942</left_val>
            <right_val>-1.0000239610671997</right_val></_></_>
        <_>
          <_>
            <feature>
              <rects>
                <_>
                  11 0 12 8 -1.</_>
                <_>
                  9 2 12 4 2.</_></rects>
              <tilted>1</tilted></feature>
            <threshold>-0.1280256956815720</threshold>
            <left_val>0.8971328139305115</left_val>
            <right_val>-0.9694136977195740</right_val></_></_></trees>
      <stage_threshold>0.0864633321762085</stage_threshold>
      <parent>1</parent>
      <next>-1</next></_>
    <_>
      <trees>
        <_>
          <_>
            <feature>
              <rects>
                <_>
                  0 14 18 10 -1.</_>
                <_>
                  0 14 9 5 2.</_>
                <_>
                  9 19 9 5 2.</_></rects>
              <tilted>0</tilted></feature>
            <threshold>0.1198019012808800</threshold>
            <left_val>-0.9435712099075317</left_val>
            <right_val>0.8984107971191406</right_val></_></_>
        <_>
          <_>
            <feature>
              <rects>
                <_>
                  21 0 3 6 -1.</_>
                <_>
                  19 2 3 2 3.</_></rects>
              <tilted>1</tilted></feature>
            <threshold>0.0136482501402497</threshold>
            <left_val>-0.6035255789756775</left_val>
            <right_val>0.4228664934635162</right_val></_></_>
        <_>
          <_>
            <feature>
              <rects>
                <_>
                  8 10 8 4 -1.</_>
                <_>
                  10 12 4 4 2.</_></rects>
              <tilted>1</tilted></feature>
            <threshold>-0.0342613793909550</threshold>
            <left_val>0.7816761732101440</left_val>
            <right_val>-0.8690990805625916</right_val></_></_></trees>
      <stage_threshold>-0.7654206752777100</stage_threshold>
      <parent>2</parent>
      <next>-1</next></_>
    <_>
      <trees>
        <_>
          <_>
            <feature>
              <rects>
                <_>
                  8 1 16 1 -1.</_>
                <_>
                  12 5 8 1 2.</_></rects>
              <tilted>1</tilted></feature>
            <threshold>-0.0372691713273525</threshold>
            <left_val>0.9178047776222229</left_val>
            <right_val>-0.9086977243423462</right_val></_></_>
        <_>
          <_>
            <feature>
              <rects>
                <_>
                  17 16 7 8 -1.</_>
                <_>
                  17 20 7 4 2.</_></rects>
              <tilted>0</tilted></feature>
            <threshold>-0.0121919596567750</threshold>
            <left_val>0.5628647804260254</left_val>
            <right_val>-0.5072333812713623</right_val></_></_>
        <_>
          <_>
            <feature>
              <rects>
                <_>
                  0 16 7 8 -1.</_>
                <_>
                  0 20 7 4 2.</_></rects>
              <tilted>0</tilted></feature>
            <threshold>-0.0499957613646984</threshold>
            <left_val>0.7673941850662231</left_val>
            <right_val>-0.9092003703117371</right_val></_></_></trees>
      <stage_threshold>-1.2550330162048340</stage_threshold>
      <parent>3</parent>
      <next>-1</next></_>
    <_>
      <trees>
        <_>
          <_>
            <feature>
              <rects>
                <_>
                  3 0 6 3 -1.</_>
                <_>
                  5 2 2 3 3.</_></rects>
              <tilted>1</tilted></feature>
            <threshold>0.0564729794859886</threshold>
            <left_val>-0.8283097743988037</left_val>
            <right_val>0.9505171179771423</right_val></_></_>
        <_>
          <_>
            <feature>
              <rects>
                <_>
                  4 11 20 13 -1.</_>
                <_>
                  9 11 10 13 2.</_></rects>
              <tilted>0</tilted></feature>
            <threshold>0.0237705204635859</threshold>
            <left_val>0.1788952946662903</left_val>
            <right_val>-0.9301016926765442</right_val></_></_>
        <_>
          <_>
            <feature>
              <rects>
                <_>
                  0 9 20 15 -1.</_>
                <_>
                  5 9 10 15 2.</_></rects>
              <tilted>0</tilted></feature>
            <threshold>0.0423298291862011</threshold>
            <left_val>-0.9680619835853577</left_val>
            <right_val>0.6450967192649841</right_val></_></_></trees>
      <stage_threshold>-4.3178801424801350e-003</stage_threshold>
      <parent>4</parent>
      <next>-1</next></_>
    <_>
      <trees>
        <_>
          <_>
            <feature>
              <rects>
                <_>
                  0 0 10 10 -1.</_>
                <_>
                  0 0 5 5 2.</_>
                <_>
                  5 5 5 5 2.</_></rects>
              <tilted>0</tilted></feature>
            <threshold>-0.0827004536986351</threshold>
            <left_val>0.8716527223587036</left_val>
            <right_val>-0.9064099192619324</right_val></_></_>
        <_>
          <_>
            <feature>
              <rects>
                <_>
                  9 2 11 9 -1.</_>
                <_>
                  9 5 11 3 3.</_></rects>
              <tilted>0</tilted></feature>
            <threshold>-0.0731961131095886</threshold>
            <left_val>0.6769428253173828</left_val>
            <right_val>-0.5994918942451477</right_val></_></_>
        <_>
          <_>
            <feature>
              <rects>
                <_>
                  10 12 6 6 -1.</_>
                <_>
                  12 14 2 6 3.</_></rects>
              <tilted>1</tilted></feature>
            <threshold>-0.0574584603309631</threshold>
            <left_val>0.7849494814872742</left_val>
            <right_val>-0.7543140053749085</right_val></_></_></trees>
      <stage_threshold>-0.7209522724151611</stage_threshold>
      <parent>5</parent>
      <next>-1</next></_></stages></myhaar>
</opencv_storage>
