<?xml version="1.0"?>
<opencv_storage>
<myhaar type_id="opencv-haar-classifier">
  <size>
    24 24</size>
  <stages>
    <_>
      <trees>
        <_>
          <_>
            <feature>
              <rects>
                <_>
                  7 1 12 6 -1.</_>
                <_>
                  11 5 4 6 3.</_></rects>
              <tilted>1</tilted></feature>
            <threshold>-0.1699645966291428</threshold>
            <left_val>0.9717922806739807</left_val>
            <right_val>-0.9876384139060974</right_val></_></_>
        <_>
          <_>
            <feature>
              <rects>
                <_>
                  10 5 12 18 -1.</_>
                <_>
                  16 5 6 9 2.</_>
                <_>
                  10 14 6 9 2.</_></rects>
              <tilted>0</tilted></feature>
            <threshold>0.0536690689623356</threshold>
            <left_val>-0.9253680109977722</left_val>
            <right_val>0.5669497251510620</right_val></_></_></trees>
      <stage_threshold>-0.4206885993480682</stage_threshold>
      <parent>-1</parent>
      <next>-1</next></_>
    <_>
      <trees>
        <_>
          <_>
            <feature>
              <rects>
                <_>
                  9 2 8 5 -1.</_>
                <_>
                  11 4 4 5 2.</_></rects>
              <tilted>1</tilted></feature>
            <threshold>-0.0716109722852707</threshold>
            <left_val>0.9128093123435974</left_val>
            <right_val>-0.9746366143226624</right_val></_></_>
        <_>
          <_>
            <feature>
              <rects>
                <_>
                  12 6 8 11 -1.</_>
                <_>
                  14 6 4 11 2.</_></rects>
              <tilted>0</tilted></feature>
            <threshold>0.0219694096595049</threshold>
            <left_val>0.0670804977416992</left_val>
            <right_val>-0.8672366738319397</right_val></_></_>
        <_>
          <_>
            <feature>
              <rects>
                <_>
                  4 5 8 14 -1.</_>
                <_>
                  6 5 4 14 2.</_></rects>
              <tilted>0</tilted></feature>
            <threshold>-0.0574111305177212</threshold>
            <left_val>0.9184033870697022</left_val>
            <right_val>-0.9215257763862610</right_val></_></_></trees>
      <stage_threshold>0.0108473300933838</stage_threshold>
      <parent>0</parent>
      <next>-1</next></_>
    <_>
      <trees>
        <_>
          <_>
            <feature>
              <rects>
                <_>
                  0 2 24 1 -1.</_>
                <_>
                  8 2 8 1 3.</_></rects>
              <tilted>0</tilted></feature>
            <threshold>0.0226638391613960</threshold>
            <left_val>-0.9233906865119934</left_val>
            <right_val>0.8540328741073608</right_val></_></_>
        <_>
          <_>
            <feature>
              <rects>
                <_>
                  0 5 24 10 -1.</_>
                <_>
                  0 10 24 5 2.</_></rects>
              <tilted>0</tilted></feature>
            <threshold>0.1236682012677193</threshold>
            <left_val>-0.9459593296051025</left_val>
            <right_val>0.7344424128532410</right_val></_></_></trees>
      <stage_threshold>-0.1889483034610748</stage_threshold>
      <parent>1</parent>
      <next>-1</next></_>
    <_>
      <trees>
        <_>
          <_>
            <feature>
              <rects>
                <_>
                  0 16 18 6 -1.</_>
                <_>
                  9 16 9 6 2.</_></rects>
              <tilted>0</tilted></feature>
            <threshold>0.1026856005191803</threshold>
            <left_val>-0.9873582124710083</left_val>
            <right_val>0.9309356808662415</right_val></_></_>
        <_>
          <_>
            <feature>
              <rects>
                <_>
                  17 0 6 18 -1.</_>
                <_>
                  19 6 2 6 9.</_></rects>
              <tilted>0</tilted></feature>
            <threshold>0.0834320932626724</threshold>
            <left_val>-0.4128918051719666</left_val>
            <right_val>0.4480183124542236</right_val></_></_></trees>
      <stage_threshold>-0.5393397808074951</stage_threshold>
      <parent>2</parent>
      <next>-1</next></_>
    <_>
      <trees>
        <_>
          <_>
            <feature>
              <rects>
                <_>
                  11 4 12 4 -1.</_>
                <_>
                  11 4 6 4 2.</_></rects>
              <tilted>1</tilted></feature>
            <threshold>-0.1328234970569611</threshold>
            <left_val>0.9117606878280640</left_val>
            <right_val>-0.9499009251594544</right_val></_></_>
        <_>
          <_>
            <feature>
              <rects>
                <_>
                  6 5 18 16 -1.</_>
                <_>
                  15 5 9 8 2.</_>
                <_>
                  6 13 9 8 2.</_></rects>
              <tilted>0</tilted></feature>
            <threshold>0.1603177934885025</threshold>
            <left_val>0.1082027032971382</left_val>
            <right_val>-0.9203773736953735</right_val></_></_>
        <_>
          <_>
            <feature>
              <rects>
                <_>
                  2 2 8 2 -1.</_>
                <_>
                  4 4 4 2 2.</_></rects>
              <tilted>1</tilted></feature>
            <threshold>0.0386410802602768</threshold>
            <left_val>-0.7258241176605225</left_val>
            <right_val>0.9064359068870544</right_val></_></_>
        <_>
          <_>
            <feature>
              <rects>
                <_>
                  12 4 6 10 -1.</_>
                <_>
                  12 4 6 5 2.</_></rects>
              <tilted>1</tilted></feature>
            <threshold>-1.6071359277702868e-004</threshold>
            <left_val>0.3116180896759033</left_val>
            <right_val>-0.8305091857910156</right_val></_></_></trees>
      <stage_threshold>-1.2559039592742920</stage_threshold>
      <parent>3</parent>
      <next>-1</next></_>
    <_>
      <trees>
        <_>
          <_>
            <feature>
              <rects>
                <_>
                  0 12 22 8 -1.</_>
                <_>
                  11 12 11 8 2.</_></rects>
              <tilted>0</tilted></feature>
            <threshold>0.1507651954889298</threshold>
            <left_val>-0.9864305853843689</left_val>
            <right_val>0.8140146732330322</right_val></_></_>
        <_>
          <_>
            <feature>
              <rects>
                <_>
                  12 4 5 10 -1.</_>
                <_>
                  12 4 5 5 2.</_></rects>
              <tilted>1</tilted></feature>
            <threshold>-0.0228314306586981</threshold>
            <left_val>0.0875173211097717</left_val>
            <right_val>-0.8037191033363342</right_val></_></_>
        <_>
          <_>
            <feature>
              <rects>
                <_>
                  2 5 10 18 -1.</_>
                <_>
                  2 5 5 9 2.</_>
                <_>
                  7 14 5 9 2.</_></rects>
              <tilted>0</tilted></feature>
            <threshold>0.1390645056962967</threshold>
            <left_val>-0.8881000280380249</left_val>
            <right_val>0.7070329785346985</right_val></_></_></trees>
      <stage_threshold>-0.1918803006410599</stage_threshold>
      <parent>4</parent>
      <next>-1</next></_>
    <_>
      <trees>
        <_>
          <_>
            <feature>
              <rects>
                <_>
                  3 0 4 18 -1.</_>
                <_>
                  3 0 2 9 2.</_>
                <_>
                  5 9 2 9 2.</_></rects>
              <tilted>0</tilted></feature>
            <threshold>-0.0270107202231884</threshold>
            <left_val>0.7445557713508606</left_val>
            <right_val>-0.8672019243240356</right_val></_></_>
        <_>
          <_>
            <feature>
              <rects>
                <_>
                  17 0 6 4 -1.</_>
                <_>
                  16 1 6 2 2.</_></rects>
              <tilted>1</tilted></feature>
            <threshold>0.0271979197859764</threshold>
            <left_val>-0.1166627034544945</left_val>
            <right_val>0.5486567020416260</right_val></_></_>
        <_>
          <_>
            <feature>
              <rects>
                <_>
                  4 0 6 3 -1.</_>
                <_>
                  6 2 2 3 3.</_></rects>
              <tilted>1</tilted></feature>
            <threshold>0.0419649891555309</threshold>
            <left_val>-0.7215759158134460</left_val>
            <right_val>0.8236091732978821</right_val></_></_>
        <_>
          <_>
            <feature>
              <rects>
                <_>
                  0 0 24 5 -1.</_>
                <_>
                  6 0 12 5 2.</_></rects>
              <tilted>0</tilted></feature>
            <threshold>0.1019838005304337</threshold>
            <left_val>-0.6688480973243713</left_val>
            <right_val>0.7938206791877747</right_val></_></_></trees>
      <stage_threshold>-0.9116197824478149</stage_threshold>
      <parent>5</parent>
      <next>-1</next></_>
    <_>
      <trees>
        <_>
          <_>
            <feature>
              <rects>
                <_>
                  3 14 9 6 -1.</_>
                <_>
                  6 16 3 2 9.</_></rects>
              <tilted>0</tilted></feature>
            <threshold>-0.0833527892827988</threshold>
            <left_val>0.8295934200286865</left_val>
            <right_val>-0.7439939975738525</right_val></_></_>
        <_>
          <_>
            <feature>
              <rects>
                <_>
                  0 21 24 3 -1.</_>
                <_>
                  6 21 12 3 2.</_></rects>
              <tilted>0</tilted></feature>
            <threshold>0.0566192492842674</threshold>
            <left_val>-0.7607759833335877</left_val>
            <right_val>0.6204457283020020</right_val></_></_>
        <_>
          <_>
            <feature>
              <rects>
                <_>
                  12 6 8 1 -1.</_>
                <_>
                  12 6 4 1 2.</_></rects>
              <tilted>1</tilted></feature>
            <threshold>-0.0253205001354218</threshold>
            <left_val>0.5882403254508972</left_val>
            <right_val>-0.7965428233146668</right_val></_></_>
        <_>
          <_>
            <feature>
              <rects>
                <_>
                  17 0 6 18 -1.</_>
                <_>
                  19 6 2 6 9.</_></rects>
              <tilted>0</tilted></feature>
            <threshold>0.0279179103672504</threshold>
            <left_val>-0.3814674913883209</left_val>
            <right_val>0.1471115052700043</right_val></_></_>
        <_>
          <_>
            <feature>
              <rects>
                <_>
                  1 0 6 18 -1.</_>
                <_>
                  3 6 2 6 9.</_></rects>
              <tilted>0</tilted></feature>
            <threshold>0.1330182999372482</threshold>
            <left_val>-0.8882976174354553</left_val>
            <right_val>0.5362476706504822</right_val></_></_></trees>
      <stage_threshold>-0.7653108835220337</stage_threshold>
      <parent>6</parent>
      <next>-1</next></_></stages></myhaar>
</opencv_storage>
