<?xml version="1.0"?>
<opencv_storage>
<myhaar type_id="opencv-haar-classifier">
  <size>
    24 24</size>
  <stages>
    <_>
      <trees>
        <_>
          <_>
            <feature>
              <rects>
                <_>
                  7 16 8 5 -1.</_>
                <_>
                  9 16 4 5 2.</_></rects>
              <tilted>0</tilted></feature>
            <threshold>0.0395711697638035</threshold>
            <left_val>-1.</left_val>
            <right_val>0.9863929152488709</right_val></_></_></trees>
      <stage_threshold>0.9863929152488709</stage_threshold>
      <parent>-1</parent>
      <next>-1</next></_>
    <_>
      <trees>
        <_>
          <_>
            <feature>
              <rects>
                <_>
                  0 10 24 4 -1.</_>
                <_>
                  6 10 12 4 2.</_></rects>
              <tilted>0</tilted></feature>
            <threshold>-0.1215920969843864</threshold>
            <left_val>0.9939255118370056</left_val>
            <right_val>-0.9999911189079285</right_val></_></_></trees>
      <stage_threshold>0.9939255118370056</stage_threshold>
      <parent>0</parent>
      <next>-1</next></_>
    <_>
      <trees>
        <_>
          <_>
            <feature>
              <rects>
                <_>
                  9 0 6 5 -1.</_>
                <_>
                  11 2 2 5 3.</_></rects>
              <tilted>1</tilted></feature>
            <threshold>-0.0656247586011887</threshold>
            <left_val>0.9818863868713379</left_val>
            <right_val>-0.9999876022338867</right_val></_></_></trees>
      <stage_threshold>0.9818863868713379</stage_threshold>
      <parent>1</parent>
      <next>-1</next></_></stages></myhaar>
</opencv_storage>
