<?xml version="1.0"?>
<opencv_storage>
<myhaar type_id="opencv-haar-classifier">
  <size>
    24 24</size>
  <stages>
    <_>
      <trees>
        <_>
          <_>
            <feature>
              <rects>
                <_>
                  4 5 15 10 -1.</_>
                <_>
                  9 5 5 10 3.</_></rects>
              <tilted>0</tilted></feature>
            <threshold>0.1996840983629227</threshold>
            <left_val>-0.9892120957374573</left_val>
            <right_val>0.9723352789878845</right_val></_></_>
        <_>
          <_>
            <feature>
              <rects>
                <_>
                  12 8 1 12 -1.</_>
                <_>
                  8 12 1 4 3.</_></rects>
              <tilted>1</tilted></feature>
            <threshold>-0.0285351704806089</threshold>
            <left_val>0.7887294888496399</left_val>
            <right_val>-0.6989020705223084</right_val></_></_>
        <_>
          <_>
            <feature>
              <rects>
                <_>
                  12 8 12 1 -1.</_>
                <_>
                  16 12 4 1 3.</_></rects>
              <tilted>1</tilted></feature>
            <threshold>-0.0360361896455288</threshold>
            <left_val>0.9403210282325745</left_val>
            <right_val>-0.9323424100875855</right_val></_></_></trees>
      <stage_threshold>-0.7477931976318359</stage_threshold>
      <parent>-1</parent>
      <next>-1</next></_>
    <_>
      <trees>
        <_>
          <_>
            <feature>
              <rects>
                <_>
                  3 3 6 9 -1.</_>
                <_>
                  5 6 2 3 9.</_></rects>
              <tilted>0</tilted></feature>
            <threshold>-0.0738084167242050</threshold>
            <left_val>0.9477524161338806</left_val>
            <right_val>-0.9259797930717468</right_val></_></_>
        <_>
          <_>
            <feature>
              <rects>
                <_>
                  0 1 24 6 -1.</_>
                <_>
                  8 1 8 6 3.</_></rects>
              <tilted>0</tilted></feature>
            <threshold>0.1767376065254211</threshold>
            <left_val>-0.9897661805152893</left_val>
            <right_val>0.8077387213706970</right_val></_></_>
        <_>
          <_>
            <feature>
              <rects>
                <_>
                  3 7 16 8 -1.</_>
                <_>
                  3 7 8 4 2.</_>
                <_>
                  11 11 8 4 2.</_></rects>
              <tilted>0</tilted></feature>
            <threshold>-0.0427605099976063</threshold>
            <left_val>0.7427278757095337</left_val>
            <right_val>-0.9903212785720825</right_val></_></_></trees>
      <stage_threshold>0.6244866847991943</stage_threshold>
      <parent>0</parent>
      <next>-1</next></_>
    <_>
      <trees>
        <_>
          <_>
            <feature>
              <rects>
                <_>
                  4 4 15 15 -1.</_>
                <_>
                  9 4 5 15 3.</_></rects>
              <tilted>0</tilted></feature>
            <threshold>0.3259134888648987</threshold>
            <left_val>-0.9146363735198975</left_val>
            <right_val>0.9188737869262695</right_val></_></_>
        <_>
          <_>
            <feature>
              <rects>
                <_>
                  21 0 3 24 -1.</_>
                <_>
                  22 8 1 8 9.</_></rects>
              <tilted>0</tilted></feature>
            <threshold>0.0891687572002411</threshold>
            <left_val>-0.8742312192916870</left_val>
            <right_val>0.8669955134391785</right_val></_></_>
        <_>
          <_>
            <feature>
              <rects>
                <_>
                  4 10 8 4 -1.</_>
                <_>
                  8 10 4 4 2.</_></rects>
              <tilted>0</tilted></feature>
            <threshold>0.0354191102087498</threshold>
            <left_val>-0.8642333149909973</left_val>
            <right_val>0.7296543717384338</right_val></_></_></trees>
      <stage_threshold>-1.0592130422592163</stage_threshold>
      <parent>1</parent>
      <next>-1</next></_>
    <_>
      <trees>
        <_>
          <_>
            <feature>
              <rects>
                <_>
                  0 0 3 24 -1.</_>
                <_>
                  1 8 1 8 9.</_></rects>
              <tilted>0</tilted></feature>
            <threshold>0.0880684927105904</threshold>
            <left_val>-0.8899490833282471</left_val>
            <right_val>0.8411872982978821</right_val></_></_>
        <_>
          <_>
            <feature>
              <rects>
                <_>
                  8 13 8 10 -1.</_>
                <_>
                  12 13 4 5 2.</_>
                <_>
                  8 18 4 5 2.</_></rects>
              <tilted>0</tilted></feature>
            <threshold>-0.0580269098281860</threshold>
            <left_val>0.8071917891502380</left_val>
            <right_val>-0.6860386729240418</right_val></_></_>
        <_>
          <_>
            <feature>
              <rects>
                <_>
                  12 7 5 12 -1.</_>
                <_>
                  12 7 5 6 2.</_></rects>
              <tilted>1</tilted></feature>
            <threshold>0.0915523767471313</threshold>
            <left_val>-0.9364727139472961</left_val>
            <right_val>0.5967183113098145</right_val></_></_></trees>
      <stage_threshold>-1.0192300081253052</stage_threshold>
      <parent>2</parent>
      <next>-1</next></_>
    <_>
      <trees>
        <_>
          <_>
            <feature>
              <rects>
                <_>
                  1 7 6 9 -1.</_>
                <_>
                  4 7 3 9 2.</_></rects>
              <tilted>0</tilted></feature>
            <threshold>-0.0660918503999710</threshold>
            <left_val>0.8944603204727173</left_val>
            <right_val>-0.8345901966094971</right_val></_></_>
        <_>
          <_>
            <feature>
              <rects>
                <_>
                  12 2 8 12 -1.</_>
                <_>
                  14 4 4 12 2.</_></rects>
              <tilted>1</tilted></feature>
            <threshold>0.1019624993205071</threshold>
            <left_val>0.2176416069269180</left_val>
            <right_val>-0.8306862115859985</right_val></_></_>
        <_>
          <_>
            <feature>
              <rects>
                <_>
                  12 10 9 4 -1.</_>
                <_>
                  12 10 9 2 2.</_></rects>
              <tilted>1</tilted></feature>
            <threshold>-0.0377310886979103</threshold>
            <left_val>0.7112042903900147</left_val>
            <right_val>-0.7599064707756043</right_val></_></_>
        <_>
          <_>
            <feature>
              <rects>
                <_>
                  0 0 24 6 -1.</_>
                <_>
                  8 2 8 2 9.</_></rects>
              <tilted>0</tilted></feature>
            <threshold>0.2119368016719818</threshold>
            <left_val>-0.9122506976127625</left_val>
            <right_val>0.5279479026794434</right_val></_></_></trees>
      <stage_threshold>-0.8489071726799011</stage_threshold>
      <parent>3</parent>
      <next>-1</next></_>
    <_>
      <trees>
        <_>
          <_>
            <feature>
              <rects>
                <_>
                  1 10 6 14 -1.</_>
                <_>
                  1 10 3 7 2.</_>
                <_>
                  4 17 3 7 2.</_></rects>
              <tilted>0</tilted></feature>
            <threshold>0.0529938489198685</threshold>
            <left_val>-0.7397677898406982</left_val>
            <right_val>0.8486685156822205</right_val></_></_>
        <_>
          <_>
            <feature>
              <rects>
                <_>
                  7 15 10 8 -1.</_>
                <_>
                  12 15 5 4 2.</_>
                <_>
                  7 19 5 4 2.</_></rects>
              <tilted>0</tilted></feature>
            <threshold>-0.0401506312191486</threshold>
            <left_val>0.6953908801078796</left_val>
            <right_val>-0.7285079956054688</right_val></_></_>
        <_>
          <_>
            <feature>
              <rects>
                <_>
                  0 8 24 12 -1.</_>
                <_>
                  0 14 24 6 2.</_></rects>
              <tilted>0</tilted></feature>
            <threshold>-0.0679846629500389</threshold>
            <left_val>0.4685232043266296</left_val>
            <right_val>-0.9622284173965454</right_val></_></_>
        <_>
          <_>
            <feature>
              <rects>
                <_>
                  16 1 4 5 -1.</_>
                <_>
                  16 1 2 5 2.</_></rects>
              <tilted>1</tilted></feature>
            <threshold>0.0259248297661543</threshold>
            <left_val>-0.5508053898811340</left_val>
            <right_val>0.3236046135425568</right_val></_></_></trees>
      <stage_threshold>-0.6830006837844849</stage_threshold>
      <parent>4</parent>
      <next>-1</next></_></stages></myhaar>
</opencv_storage>
