<?xml version="1.0"?>
<opencv_storage>
<myhaar type_id="opencv-haar-classifier">
  <size>
    24 24</size>
  <stages>
    <_>
      <trees>
        <_>
          <_>
            <feature>
              <rects>
                <_>
                  4 3 15 12 -1.</_>
                <_>
                  9 3 5 12 3.</_></rects>
              <tilted>0</tilted></feature>
            <threshold>0.2345535010099411</threshold>
            <left_val>-0.9891998767852783</left_val>
            <right_val>0.9701600074768066</right_val></_></_>
        <_>
          <_>
            <feature>
              <rects>
                <_>
                  15 2 6 12 -1.</_>
                <_>
                  11 6 6 4 3.</_></rects>
              <tilted>1</tilted></feature>
            <threshold>0.0681831836700439</threshold>
            <left_val>-0.8595663905143738</left_val>
            <right_val>0.5462523102760315</right_val></_></_>
        <_>
          <_>
            <feature>
              <rects>
                <_>
                  12 8 12 1 -1.</_>
                <_>
                  16 12 4 1 3.</_></rects>
              <tilted>1</tilted></feature>
            <threshold>-0.0267141796648502</threshold>
            <left_val>0.8598688840866089</left_val>
            <right_val>-1.0000020265579224</right_val></_></_></trees>
      <stage_threshold>-0.9888973832130432</stage_threshold>
      <parent>-1</parent>
      <next>-1</next></_>
    <_>
      <trees>
        <_>
          <_>
            <feature>
              <rects>
                <_>
                  3 2 6 12 -1.</_>
                <_>
                  5 6 2 4 9.</_></rects>
              <tilted>0</tilted></feature>
            <threshold>-0.1161608025431633</threshold>
            <left_val>0.9531028270721436</left_val>
            <right_val>-0.8864548206329346</right_val></_></_>
        <_>
          <_>
            <feature>
              <rects>
                <_>
                  0 1 24 7 -1.</_>
                <_>
                  8 1 8 7 3.</_></rects>
              <tilted>0</tilted></feature>
            <threshold>0.2199079990386963</threshold>
            <left_val>-0.9796534180641174</left_val>
            <right_val>0.7855877876281738</right_val></_></_></trees>
      <stage_threshold>-0.1008670032024384</stage_threshold>
      <parent>0</parent>
      <next>-1</next></_>
    <_>
      <trees>
        <_>
          <_>
            <feature>
              <rects>
                <_>
                  5 15 14 8 -1.</_>
                <_>
                  5 15 7 4 2.</_>
                <_>
                  12 19 7 4 2.</_></rects>
              <tilted>0</tilted></feature>
            <threshold>0.0218006093055010</threshold>
            <left_val>-0.9888390898704529</left_val>
            <right_val>0.9096083045005798</right_val></_></_>
        <_>
          <_>
            <feature>
              <rects>
                <_>
                  16 0 8 12 -1.</_>
                <_>
                  20 0 4 6 2.</_>
                <_>
                  16 6 4 6 2.</_></rects>
              <tilted>0</tilted></feature>
            <threshold>-0.0209499504417181</threshold>
            <left_val>0.8635730147361755</left_val>
            <right_val>-0.9685552716255188</right_val></_></_>
        <_>
          <_>
            <feature>
              <rects>
                <_>
                  0 0 8 14 -1.</_>
                <_>
                  0 0 4 7 2.</_>
                <_>
                  4 7 4 7 2.</_></rects>
              <tilted>0</tilted></feature>
            <threshold>-0.0532113686203957</threshold>
            <left_val>0.9710456728935242</left_val>
            <right_val>-0.9748963713645935</right_val></_></_></trees>
      <stage_threshold>-0.9863486289978027</stage_threshold>
      <parent>1</parent>
      <next>-1</next></_>
    <_>
      <trees>
        <_>
          <_>
            <feature>
              <rects>
                <_>
                  4 5 15 16 -1.</_>
                <_>
                  9 5 5 16 3.</_></rects>
              <tilted>0</tilted></feature>
            <threshold>0.2904644906520844</threshold>
            <left_val>-0.9667575955390930</left_val>
            <right_val>0.9017270207405090</right_val></_></_>
        <_>
          <_>
            <feature>
              <rects>
                <_>
                  8 12 12 4 -1.</_>
                <_>
                  12 12 4 4 3.</_></rects>
              <tilted>0</tilted></feature>
            <threshold>5.9272377984598279e-004</threshold>
            <left_val>0.2345957010984421</left_val>
            <right_val>-0.4904573857784271</right_val></_></_>
        <_>
          <_>
            <feature>
              <rects>
                <_>
                  11 2 9 6 -1.</_>
                <_>
                  14 5 3 6 3.</_></rects>
              <tilted>1</tilted></feature>
            <threshold>0.0991396009922028</threshold>
            <left_val>-1.</left_val>
            <right_val>0.6569110155105591</right_val></_></_></trees>
      <stage_threshold>-0.8003041148185730</stage_threshold>
      <parent>2</parent>
      <next>-1</next></_>
    <_>
      <trees>
        <_>
          <_>
            <feature>
              <rects>
                <_>
                  1 0 2 24 -1.</_>
                <_>
                  1 6 2 12 2.</_></rects>
              <tilted>0</tilted></feature>
            <threshold>0.0499947108328342</threshold>
            <left_val>-0.7750715017318726</left_val>
            <right_val>0.8499603271484375</right_val></_></_>
        <_>
          <_>
            <feature>
              <rects>
                <_>
                  12 7 12 5 -1.</_>
                <_>
                  12 7 6 5 2.</_></rects>
              <tilted>1</tilted></feature>
            <threshold>0.0425746887922287</threshold>
            <left_val>-1.</left_val>
            <right_val>0.3069187104701996</right_val></_></_>
        <_>
          <_>
            <feature>
              <rects>
                <_>
                  8 12 8 12 -1.</_>
                <_>
                  8 12 4 6 2.</_>
                <_>
                  12 18 4 6 2.</_></rects>
              <tilted>0</tilted></feature>
            <threshold>0.0626309588551521</threshold>
            <left_val>-0.7726632952690125</left_val>
            <right_val>0.7324107885360718</right_val></_></_>
        <_>
          <_>
            <feature>
              <rects>
                <_>
                  15 0 6 10 -1.</_>
                <_>
                  15 0 3 10 2.</_></rects>
              <tilted>1</tilted></feature>
            <threshold>-0.0685105398297310</threshold>
            <left_val>-0.8538085818290710</left_val>
            <right_val>0.0436870902776718</right_val></_></_>
        <_>
          <_>
            <feature>
              <rects>
                <_>
                  9 0 10 6 -1.</_>
                <_>
                  9 0 10 3 2.</_></rects>
              <tilted>1</tilted></feature>
            <threshold>0.0610230304300785</threshold>
            <left_val>-0.8281651139259338</left_val>
            <right_val>0.6456099748611450</right_val></_></_></trees>
      <stage_threshold>-0.5515189766883850</stage_threshold>
      <parent>3</parent>
      <next>-1</next></_>
    <_>
      <trees>
        <_>
          <_>
            <feature>
              <rects>
                <_>
                  2 5 8 11 -1.</_>
                <_>
                  4 5 4 11 2.</_></rects>
              <tilted>0</tilted></feature>
            <threshold>-0.1067058965563774</threshold>
            <left_val>0.8878570199012756</left_val>
            <right_val>-0.7880185246467590</right_val></_></_>
        <_>
          <_>
            <feature>
              <rects>
                <_>
                  8 9 16 14 -1.</_>
                <_>
                  8 9 8 14 2.</_></rects>
              <tilted>0</tilted></feature>
            <threshold>0.1436720043420792</threshold>
            <left_val>0.1866776943206787</left_val>
            <right_val>-0.9692134857177734</right_val></_></_>
        <_>
          <_>
            <feature>
              <rects>
                <_>
                  0 9 16 14 -1.</_>
                <_>
                  8 9 8 14 2.</_></rects>
              <tilted>0</tilted></feature>
            <threshold>0.0843282565474510</threshold>
            <left_val>-0.9814308285713196</left_val>
            <right_val>0.6149374842643738</right_val></_></_></trees>
      <stage_threshold>0.0135967703536153</stage_threshold>
      <parent>4</parent>
      <next>-1</next></_></stages></myhaar>
</opencv_storage>
