<?xml version="1.0"?>
<opencv_storage>
<myhaar type_id="opencv-haar-classifier">
  <size>
    24 24</size>
  <stages>
    <_>
      <trees>
        <_>
          <_>
            <feature>
              <rects>
                <_>
                  4 5 15 10 -1.</_>
                <_>
                  9 5 5 10 3.</_></rects>
              <tilted>0</tilted></feature>
            <threshold>0.1996840983629227</threshold>
            <left_val>-0.9892119169235230</left_val>
            <right_val>0.9723079204559326</right_val></_></_>
        <_>
          <_>
            <feature>
              <rects>
                <_>
                  12 8 1 12 -1.</_>
                <_>
                  8 12 1 4 3.</_></rects>
              <tilted>1</tilted></feature>
            <threshold>-0.0285351704806089</threshold>
            <left_val>0.7889931797981262</left_val>
            <right_val>-0.6988998055458069</right_val></_></_>
        <_>
          <_>
            <feature>
              <rects>
                <_>
                  12 8 12 1 -1.</_>
                <_>
                  16 12 4 1 3.</_></rects>
              <tilted>1</tilted></feature>
            <threshold>-0.0360361896455288</threshold>
            <left_val>0.9403911828994751</left_val>
            <right_val>-0.9323145747184753</right_val></_></_></trees>
      <stage_threshold>-0.7477204799652100</stage_threshold>
      <parent>-1</parent>
      <next>-1</next></_>
    <_>
      <trees>
        <_>
          <_>
            <feature>
              <rects>
                <_>
                  3 3 6 9 -1.</_>
                <_>
                  5 6 2 3 9.</_></rects>
              <tilted>0</tilted></feature>
            <threshold>-0.0738084167242050</threshold>
            <left_val>0.9505766034126282</left_val>
            <right_val>-0.9260808229446411</right_val></_></_>
        <_>
          <_>
            <feature>
              <rects>
                <_>
                  0 1 24 6 -1.</_>
                <_>
                  8 1 8 6 3.</_></rects>
              <tilted>0</tilted></feature>
            <threshold>0.1767376065254211</threshold>
            <left_val>-0.9897022247314453</left_val>
            <right_val>0.8050029277801514</right_val></_></_>
        <_>
          <_>
            <feature>
              <rects>
                <_>
                  10 3 14 6 -1.</_>
                <_>
                  8 5 14 2 3.</_></rects>
              <tilted>1</tilted></feature>
            <threshold>-0.0482552312314510</threshold>
            <left_val>0.9066128134727478</left_val>
            <right_val>-0.9451354146003723</right_val></_></_>
        <_>
          <_>
            <feature>
              <rects>
                <_>
                  15 0 4 12 -1.</_>
                <_>
                  15 6 4 6 2.</_></rects>
              <tilted>0</tilted></feature>
            <threshold>-3.0041208956390619e-003</threshold>
            <left_val>0.5910546183586121</left_val>
            <right_val>-0.9129964113235474</right_val></_></_></trees>
      <stage_threshold>-0.4751588106155396</stage_threshold>
      <parent>0</parent>
      <next>-1</next></_>
    <_>
      <trees>
        <_>
          <_>
            <feature>
              <rects>
                <_>
                  0 9 12 7 -1.</_>
                <_>
                  3 9 6 7 2.</_></rects>
              <tilted>0</tilted></feature>
            <threshold>-0.0657267421483994</threshold>
            <left_val>0.9066575169563294</left_val>
            <right_val>-0.9348121881484985</right_val></_></_>
        <_>
          <_>
            <feature>
              <rects>
                <_>
                  0 3 24 16 -1.</_>
                <_>
                  0 7 24 8 2.</_></rects>
              <tilted>0</tilted></feature>
            <threshold>0.0430924408137798</threshold>
            <left_val>-0.9590219855308533</left_val>
            <right_val>0.7109773159027100</right_val></_></_></trees>
      <stage_threshold>-0.2238349020481110</stage_threshold>
      <parent>1</parent>
      <next>-1</next></_>
    <_>
      <trees>
        <_>
          <_>
            <feature>
              <rects>
                <_>
                  4 4 16 15 -1.</_>
                <_>
                  8 4 8 15 2.</_></rects>
              <tilted>0</tilted></feature>
            <threshold>0.2462258040904999</threshold>
            <left_val>-0.8619949221611023</left_val>
            <right_val>0.8749709725379944</right_val></_></_>
        <_>
          <_>
            <feature>
              <rects>
                <_>
                  8 0 16 23 -1.</_>
                <_>
                  8 0 8 23 2.</_></rects>
              <tilted>0</tilted></feature>
            <threshold>0.1687380969524384</threshold>
            <left_val>-0.8490992784500122</left_val>
            <right_val>0.3996190130710602</right_val></_></_>
        <_>
          <_>
            <feature>
              <rects>
                <_>
                  11 0 12 8 -1.</_>
                <_>
                  11 0 12 4 2.</_></rects>
              <tilted>1</tilted></feature>
            <threshold>0.0757703483104706</threshold>
            <left_val>-0.8847588896751404</left_val>
            <right_val>0.6663478016853333</right_val></_></_>
        <_>
          <_>
            <feature>
              <rects>
                <_>
                  3 19 20 3 -1.</_>
                <_>
                  3 19 10 3 2.</_></rects>
              <tilted>0</tilted></feature>
            <threshold>-6.8093920126557350e-003</threshold>
            <left_val>0.3545883893966675</left_val>
            <right_val>-0.8565633893013001</right_val></_></_></trees>
      <stage_threshold>-0.9925463795661926</stage_threshold>
      <parent>2</parent>
      <next>-1</next></_>
    <_>
      <trees>
        <_>
          <_>
            <feature>
              <rects>
                <_>
                  1 0 2 24 -1.</_>
                <_>
                  1 6 2 12 2.</_></rects>
              <tilted>0</tilted></feature>
            <threshold>0.0502515397965908</threshold>
            <left_val>-0.7805771827697754</left_val>
            <right_val>0.9022859930992127</right_val></_></_>
        <_>
          <_>
            <feature>
              <rects>
                <_>
                  9 10 6 14 -1.</_>
                <_>
                  12 10 3 7 2.</_>
                <_>
                  9 17 3 7 2.</_></rects>
              <tilted>0</tilted></feature>
            <threshold>-0.0451251082122326</threshold>
            <left_val>0.7820472717285156</left_val>
            <right_val>-0.7274211049079895</right_val></_></_>
        <_>
          <_>
            <feature>
              <rects>
                <_>
                  0 5 16 18 -1.</_>
                <_>
                  8 5 8 18 2.</_></rects>
              <tilted>0</tilted></feature>
            <threshold>0.1617119014263153</threshold>
            <left_val>-0.9321236014366150</left_val>
            <right_val>0.5287109017372131</right_val></_></_></trees>
      <stage_threshold>-0.9792873263359070</stage_threshold>
      <parent>3</parent>
      <next>-1</next></_>
    <_>
      <trees>
        <_>
          <_>
            <feature>
              <rects>
                <_>
                  1 7 6 9 -1.</_>
                <_>
                  4 7 3 9 2.</_></rects>
              <tilted>0</tilted></feature>
            <threshold>-0.0661285817623138</threshold>
            <left_val>0.8810262084007263</left_val>
            <right_val>-0.8334699869155884</right_val></_></_>
        <_>
          <_>
            <feature>
              <rects>
                <_>
                  4 7 16 10 -1.</_>
                <_>
                  12 7 8 5 2.</_>
                <_>
                  4 12 8 5 2.</_></rects>
              <tilted>0</tilted></feature>
            <threshold>0.0504756607115269</threshold>
            <left_val>-0.9437093138694763</left_val>
            <right_val>0.5447334051132202</right_val></_></_></trees>
      <stage_threshold>-0.2887366116046906</stage_threshold>
      <parent>4</parent>
      <next>-1</next></_>
    <_>
      <trees>
        <_>
          <_>
            <feature>
              <rects>
                <_>
                  2 4 8 14 -1.</_>
                <_>
                  4 4 4 14 2.</_></rects>
              <tilted>0</tilted></feature>
            <threshold>-0.1042364016175270</threshold>
            <left_val>0.7741549015045166</left_val>
            <right_val>-0.8435328006744385</right_val></_></_>
        <_>
          <_>
            <feature>
              <rects>
                <_>
                  12 4 2 12 -1.</_>
                <_>
                  9 7 2 6 2.</_></rects>
              <tilted>1</tilted></feature>
            <threshold>-0.0221389792859554</threshold>
            <left_val>0.1681773960590363</left_val>
            <right_val>-0.8009086847305298</right_val></_></_>
        <_>
          <_>
            <feature>
              <rects>
                <_>
                  11 8 8 1 -1.</_>
                <_>
                  11 8 4 1 2.</_></rects>
              <tilted>1</tilted></feature>
            <threshold>0.0258078891783953</threshold>
            <left_val>-0.9020078778266907</left_val>
            <right_val>0.5765153765678406</right_val></_></_>
        <_>
          <_>
            <feature>
              <rects>
                <_>
                  12 4 1 12 -1.</_>
                <_>
                  9 7 1 6 2.</_></rects>
              <tilted>1</tilted></feature>
            <threshold>8.3495082799345255e-004</threshold>
            <left_val>-0.0336547903716564</left_val>
            <right_val>-0.9999524950981140</right_val></_></_>
        <_>
          <_>
            <feature>
              <rects>
                <_>
                  4 3 13 4 -1.</_>
                <_>
                  4 5 13 2 2.</_></rects>
              <tilted>0</tilted></feature>
            <threshold>-8.5500944405794144e-003</threshold>
            <left_val>0.4802652001380920</left_val>
            <right_val>-0.9896689057350159</right_val></_></_></trees>
      <stage_threshold>-1.1307530403137207</stage_threshold>
      <parent>5</parent>
      <next>-1</next></_>
    <_>
      <trees>
        <_>
          <_>
            <feature>
              <rects>
                <_>
                  1 0 2 24 -1.</_>
                <_>
                  1 6 2 12 2.</_></rects>
              <tilted>0</tilted></feature>
            <threshold>0.0427793189883232</threshold>
            <left_val>-0.8035253286361694</left_val>
            <right_val>0.6919360160827637</right_val></_></_>
        <_>
          <_>
            <feature>
              <rects>
                <_>
                  8 12 8 12 -1.</_>
                <_>
                  12 12 4 6 2.</_>
                <_>
                  8 18 4 6 2.</_></rects>
              <tilted>0</tilted></feature>
            <threshold>-0.0629128664731979</threshold>
            <left_val>0.7051103115081787</left_val>
            <right_val>-0.7560697197914124</right_val></_></_>
        <_>
          <_>
            <feature>
              <rects>
                <_>
                  0 0 24 6 -1.</_>
                <_>
                  8 2 8 2 9.</_></rects>
              <tilted>0</tilted></feature>
            <threshold>0.2118144035339356</threshold>
            <left_val>-0.9153653979301453</left_val>
            <right_val>0.4677974879741669</right_val></_></_>
        <_>
          <_>
            <feature>
              <rects>
                <_>
                  12 2 1 4 -1.</_>
                <_>
                  12 2 1 2 2.</_></rects>
              <tilted>1</tilted></feature>
            <threshold>0.0104997800663114</threshold>
            <left_val>9.7462860867381096e-003</left_val>
            <right_val>-0.8044630885124207</right_val></_></_></trees>
      <stage_threshold>-1.0820510387420654</stage_threshold>
      <parent>6</parent>
      <next>-1</next></_></stages></myhaar>
</opencv_storage>
