<?xml version="1.0"?>
<opencv_storage>
<myhaar type_id="opencv-haar-classifier">
  <size>
    24 24</size>
  <stages>
    <_>
      <trees>
        <_>
          <_>
            <feature>
              <rects>
                <_>
                  4 5 15 10 -1.</_>
                <_>
                  9 5 5 10 3.</_></rects>
              <tilted>0</tilted></feature>
            <threshold>0.1996840983629227</threshold>
            <left_val>-0.9892166256904602</left_val>
            <right_val>0.9732130169868469</right_val></_></_>
        <_>
          <_>
            <feature>
              <rects>
                <_>
                  17 4 4 12 -1.</_>
                <_>
                  13 8 4 4 3.</_></rects>
              <tilted>1</tilted></feature>
            <threshold>0.0252454895526171</threshold>
            <left_val>-0.8668134808540344</left_val>
            <right_val>0.4127970933914185</right_val></_></_>
        <_>
          <_>
            <feature>
              <rects>
                <_>
                  12 8 12 1 -1.</_>
                <_>
                  16 12 4 1 3.</_></rects>
              <tilted>1</tilted></feature>
            <threshold>-0.0360361896455288</threshold>
            <left_val>0.9353907108306885</left_val>
            <right_val>-0.9532098174095154</right_val></_></_></trees>
      <stage_threshold>-0.9206395745277405</stage_threshold>
      <parent>-1</parent>
      <next>-1</next></_>
    <_>
      <trees>
        <_>
          <_>
            <feature>
              <rects>
                <_>
                  3 3 6 9 -1.</_>
                <_>
                  5 6 2 3 9.</_></rects>
              <tilted>0</tilted></feature>
            <threshold>-0.0807214677333832</threshold>
            <left_val>0.9524924755096436</left_val>
            <right_val>-0.9161223173141480</right_val></_></_>
        <_>
          <_>
            <feature>
              <rects>
                <_>
                  0 1 24 7 -1.</_>
                <_>
                  8 1 8 7 3.</_></rects>
              <tilted>0</tilted></feature>
            <threshold>0.2192497998476028</threshold>
            <left_val>-0.9795913100242615</left_val>
            <right_val>0.8052883148193359</right_val></_></_></trees>
      <stage_threshold>-0.1108338981866837</stage_threshold>
      <parent>0</parent>
      <next>-1</next></_>
    <_>
      <trees>
        <_>
          <_>
            <feature>
              <rects>
                <_>
                  0 10 12 6 -1.</_>
                <_>
                  3 10 6 6 2.</_></rects>
              <tilted>0</tilted></feature>
            <threshold>-0.0600459985435009</threshold>
            <left_val>0.9277747273445129</left_val>
            <right_val>-0.9252774119377136</right_val></_></_>
        <_>
          <_>
            <feature>
              <rects>
                <_>
                  0 9 24 10 -1.</_>
                <_>
                  0 14 24 5 2.</_></rects>
              <tilted>0</tilted></feature>
            <threshold>-0.0623821094632149</threshold>
            <left_val>0.7877764105796814</left_val>
            <right_val>-0.9799216985702515</right_val></_></_></trees>
      <stage_threshold>-0.1375008970499039</stage_threshold>
      <parent>1</parent>
      <next>-1</next></_>
    <_>
      <trees>
        <_>
          <_>
            <feature>
              <rects>
                <_>
                  1 0 2 24 -1.</_>
                <_>
                  1 6 2 12 2.</_></rects>
              <tilted>0</tilted></feature>
            <threshold>0.0427823290228844</threshold>
            <left_val>-0.8240017294883728</left_val>
            <right_val>0.8803794980049133</right_val></_></_>
        <_>
          <_>
            <feature>
              <rects>
                <_>
                  8 12 8 12 -1.</_>
                <_>
                  12 12 4 6 2.</_>
                <_>
                  8 18 4 6 2.</_></rects>
              <tilted>0</tilted></feature>
            <threshold>-0.0539849400520325</threshold>
            <left_val>0.8317291140556335</left_val>
            <right_val>-0.8090922832489014</right_val></_></_>
        <_>
          <_>
            <feature>
              <rects>
                <_>
                  0 0 16 23 -1.</_>
                <_>
                  8 0 8 23 2.</_></rects>
              <tilted>0</tilted></feature>
            <threshold>0.2162369936704636</threshold>
            <left_val>-0.9928349852561951</left_val>
            <right_val>0.6742194890975952</right_val></_></_></trees>
      <stage_threshold>-0.9588745236396790</stage_threshold>
      <parent>2</parent>
      <next>-1</next></_>
    <_>
      <trees>
        <_>
          <_>
            <feature>
              <rects>
                <_>
                  8 12 8 12 -1.</_>
                <_>
                  8 12 4 6 2.</_>
                <_>
                  12 18 4 6 2.</_></rects>
              <tilted>0</tilted></feature>
            <threshold>0.0599843300879002</threshold>
            <left_val>-0.8136644959449768</left_val>
            <right_val>0.8694906830787659</right_val></_></_>
        <_>
          <_>
            <feature>
              <rects>
                <_>
                  16 0 8 10 -1.</_>
                <_>
                  20 0 4 5 2.</_>
                <_>
                  16 5 4 5 2.</_></rects>
              <tilted>0</tilted></feature>
            <threshold>-0.0325303710997105</threshold>
            <left_val>0.7241619229316711</left_val>
            <right_val>-0.5059139132499695</right_val></_></_>
        <_>
          <_>
            <feature>
              <rects>
                <_>
                  0 3 6 16 -1.</_>
                <_>
                  2 3 2 16 3.</_></rects>
              <tilted>0</tilted></feature>
            <threshold>0.0747255235910416</threshold>
            <left_val>-0.7698702216148377</left_val>
            <right_val>0.8376082777976990</right_val></_></_></trees>
      <stage_threshold>-0.8593727946281433</stage_threshold>
      <parent>3</parent>
      <next>-1</next></_>
    <_>
      <trees>
        <_>
          <_>
            <feature>
              <rects>
                <_>
                  9 2 3 8 -1.</_>
                <_>
                  7 4 3 4 2.</_></rects>
              <tilted>1</tilted></feature>
            <threshold>-0.0622812695801258</threshold>
            <left_val>0.8450778126716614</left_val>
            <right_val>-0.8113728761672974</right_val></_></_>
        <_>
          <_>
            <feature>
              <rects>
                <_>
                  12 10 4 8 -1.</_>
                <_>
                  12 10 2 8 2.</_></rects>
              <tilted>1</tilted></feature>
            <threshold>-0.0296524707227945</threshold>
            <left_val>-1.</left_val>
            <right_val>0.0725663825869560</right_val></_></_>
        <_>
          <_>
            <feature>
              <rects>
                <_>
                  12 10 8 4 -1.</_>
                <_>
                  12 10 8 2 2.</_></rects>
              <tilted>1</tilted></feature>
            <threshold>-0.0376928187906742</threshold>
            <left_val>0.8078398704528809</left_val>
            <right_val>-0.7714551091194153</right_val></_></_>
        <_>
          <_>
            <feature>
              <rects>
                <_>
                  14 0 5 12 -1.</_>
                <_>
                  14 6 5 6 2.</_></rects>
              <tilted>0</tilted></feature>
            <threshold>-0.0427346192300320</threshold>
            <left_val>-1.</left_val>
            <right_val>0.1586329042911530</right_val></_></_>
        <_>
          <_>
            <feature>
              <rects>
                <_>
                  5 3 12 4 -1.</_>
                <_>
                  5 5 12 2 2.</_></rects>
              <tilted>0</tilted></feature>
            <threshold>-7.8989416360855103e-003</threshold>
            <left_val>0.4898271858692169</left_val>
            <right_val>-0.9555231928825378</right_val></_></_></trees>
      <stage_threshold>-0.8618015050888062</stage_threshold>
      <parent>4</parent>
      <next>-1</next></_>
    <_>
      <trees>
        <_>
          <_>
            <feature>
              <rects>
                <_>
                  4 5 15 14 -1.</_>
                <_>
                  9 5 5 14 3.</_></rects>
              <tilted>0</tilted></feature>
            <threshold>0.3268080055713654</threshold>
            <left_val>-0.8212041854858398</left_val>
            <right_val>0.7536602020263672</right_val></_></_>
        <_>
          <_>
            <feature>
              <rects>
                <_>
                  12 3 4 12 -1.</_>
                <_>
                  12 3 2 12 2.</_></rects>
              <tilted>1</tilted></feature>
            <threshold>-0.0283560901880264</threshold>
            <left_val>-0.8896747827529907</left_val>
            <right_val>0.2020796984434128</right_val></_></_>
        <_>
          <_>
            <feature>
              <rects>
                <_>
                  11 2 9 7 -1.</_>
                <_>
                  14 5 3 7 3.</_></rects>
              <tilted>1</tilted></feature>
            <threshold>0.1238728985190392</threshold>
            <left_val>-0.8664910197257996</left_val>
            <right_val>0.6980987191200256</right_val></_></_>
        <_>
          <_>
            <feature>
              <rects>
                <_>
                  12 3 4 12 -1.</_>
                <_>
                  12 3 2 12 2.</_></rects>
              <tilted>1</tilted></feature>
            <threshold>-3.3206290099769831e-003</threshold>
            <left_val>0.0702011734247208</left_val>
            <right_val>-0.9720442891120911</right_val></_></_>
        <_>
          <_>
            <feature>
              <rects>
                <_>
                  12 3 12 4 -1.</_>
                <_>
                  12 3 12 2 2.</_></rects>
              <tilted>1</tilted></feature>
            <threshold>0.0280892699956894</threshold>
            <left_val>-0.8146365284919739</left_val>
            <right_val>0.6007574200630188</right_val></_></_></trees>
      <stage_threshold>-1.7572159767150879</stage_threshold>
      <parent>5</parent>
      <next>-1</next></_></stages></myhaar>
</opencv_storage>
