<?xml version="1.0"?>
<opencv_storage>
<myhaar type_id="opencv-haar-classifier">
  <size>
    24 24</size>
  <stages>
    <_>
      <trees>
        <_>
          <_>
            <feature>
              <rects>
                <_>
                  4 11 16 4 -1.</_>
                <_>
                  8 11 8 4 2.</_></rects>
              <tilted>0</tilted></feature>
            <threshold>-0.0595052801072598</threshold>
            <left_val>0.9413748979568481</left_val>
            <right_val>-0.8366534113883972</right_val></_></_>
        <_>
          <_>
            <feature>
              <rects>
                <_>
                  10 11 8 4 -1.</_>
                <_>
                  10 11 4 4 2.</_></rects>
              <tilted>0</tilted></feature>
            <threshold>-1.5746719436720014e-003</threshold>
            <left_val>0.3149394094944000</left_val>
            <right_val>-0.3012591898441315</right_val></_></_>
        <_>
          <_>
            <feature>
              <rects>
                <_>
                  7 1 8 19 -1.</_>
                <_>
                  11 1 4 19 2.</_></rects>
              <tilted>0</tilted></feature>
            <threshold>-0.0425646714866161</threshold>
            <left_val>0.6825305819511414</left_val>
            <right_val>-0.9339377284049988</right_val></_></_></trees>
      <stage_threshold>-0.4553819000720978</stage_threshold>
      <parent>-1</parent>
      <next>-1</next></_>
    <_>
      <trees>
        <_>
          <_>
            <feature>
              <rects>
                <_>
                  7 12 8 3 -1.</_>
                <_>
                  9 14 4 3 2.</_></rects>
              <tilted>1</tilted></feature>
            <threshold>-0.0206882394850254</threshold>
            <left_val>0.8077927827835083</left_val>
            <right_val>-0.7062050104141235</right_val></_></_>
        <_>
          <_>
            <feature>
              <rects>
                <_>
                  16 1 6 9 -1.</_>
                <_>
                  18 3 2 9 3.</_></rects>
              <tilted>1</tilted></feature>
            <threshold>-0.0261603593826294</threshold>
            <left_val>0.4819531142711639</left_val>
            <right_val>-0.3606132864952087</right_val></_></_>
        <_>
          <_>
            <feature>
              <rects>
                <_>
                  8 1 9 6 -1.</_>
                <_>
                  6 3 9 2 3.</_></rects>
              <tilted>1</tilted></feature>
            <threshold>-8.8909938931465149e-003</threshold>
            <left_val>0.5210695862770081</left_val>
            <right_val>-0.8864119052886963</right_val></_></_>
        <_>
          <_>
            <feature>
              <rects>
                <_>
                  2 17 22 4 -1.</_>
                <_>
                  2 18 22 2 2.</_></rects>
              <tilted>0</tilted></feature>
            <threshold>-9.5949526876211166e-003</threshold>
            <left_val>0.6990389227867127</left_val>
            <right_val>-0.6992281079292297</right_val></_></_>
        <_>
          <_>
            <feature>
              <rects>
                <_>
                  0 9 24 6 -1.</_>
                <_>
                  0 12 24 3 2.</_></rects>
              <tilted>0</tilted></feature>
            <threshold>0.0101297898218036</threshold>
            <left_val>-0.8286752104759216</left_val>
            <right_val>0.5031805038452148</right_val></_></_></trees>
      <stage_threshold>-0.7510107755661011</stage_threshold>
      <parent>0</parent>
      <next>-1</next></_>
    <_>
      <trees>
        <_>
          <_>
            <feature>
              <rects>
                <_>
                  9 3 12 2 -1.</_>
                <_>
                  12 6 6 2 2.</_></rects>
              <tilted>1</tilted></feature>
            <threshold>-0.0531573705375195</threshold>
            <left_val>0.7988126873970032</left_val>
            <right_val>-0.6880946755409241</right_val></_></_>
        <_>
          <_>
            <feature>
              <rects>
                <_>
                  18 0 6 21 -1.</_>
                <_>
                  18 0 3 21 2.</_></rects>
              <tilted>0</tilted></feature>
            <threshold>0.0164431408047676</threshold>
            <left_val>-0.2799626886844635</left_val>
            <right_val>0.5406993031501770</right_val></_></_>
        <_>
          <_>
            <feature>
              <rects>
                <_>
                  0 0 6 21 -1.</_>
                <_>
                  3 0 3 21 2.</_></rects>
              <tilted>0</tilted></feature>
            <threshold>0.0179416202008724</threshold>
            <left_val>-0.7280755043029785</left_val>
            <right_val>0.7811930179595947</right_val></_></_>
        <_>
          <_>
            <feature>
              <rects>
                <_>
                  16 0 4 15 -1.</_>
                <_>
                  16 0 2 15 2.</_></rects>
              <tilted>1</tilted></feature>
            <threshold>0.0137761197984219</threshold>
            <left_val>-0.5170593261718750</left_val>
            <right_val>0.2606104910373688</right_val></_></_>
        <_>
          <_>
            <feature>
              <rects>
                <_>
                  1 16 22 6 -1.</_>
                <_>
                  1 18 22 2 3.</_></rects>
              <tilted>0</tilted></feature>
            <threshold>-0.0390291400253773</threshold>
            <left_val>0.7614566087722778</left_val>
            <right_val>-0.5453842282295227</right_val></_></_></trees>
      <stage_threshold>-1.2493079900741577</stage_threshold>
      <parent>1</parent>
      <next>-1</next></_>
    <_>
      <trees>
        <_>
          <_>
            <feature>
              <rects>
                <_>
                  12 5 8 10 -1.</_>
                <_>
                  14 7 4 10 2.</_></rects>
              <tilted>1</tilted></feature>
            <threshold>-0.0823758393526077</threshold>
            <left_val>0.8099948167800903</left_val>
            <right_val>-0.7236673235893250</right_val></_></_>
        <_>
          <_>
            <feature>
              <rects>
                <_>
                  10 12 8 3 -1.</_>
                <_>
                  10 12 4 3 2.</_></rects>
              <tilted>0</tilted></feature>
            <threshold>-7.0393137866631150e-004</threshold>
            <left_val>0.1853654980659485</left_val>
            <right_val>-0.2486371994018555</right_val></_></_>
        <_>
          <_>
            <feature>
              <rects>
                <_>
                  2 9 9 12 -1.</_>
                <_>
                  5 13 3 4 9.</_></rects>
              <tilted>0</tilted></feature>
            <threshold>0.0679247677326202</threshold>
            <left_val>-0.7190482020378113</left_val>
            <right_val>0.6220995187759399</right_val></_></_>
        <_>
          <_>
            <feature>
              <rects>
                <_>
                  12 2 8 12 -1.</_>
                <_>
                  14 4 4 12 2.</_></rects>
              <tilted>1</tilted></feature>
            <threshold>-0.1053479015827179</threshold>
            <left_val>0.7174786925315857</left_val>
            <right_val>-0.2357188016176224</right_val></_></_>
        <_>
          <_>
            <feature>
              <rects>
                <_>
                  1 0 16 1 -1.</_>
                <_>
                  5 4 8 1 2.</_></rects>
              <tilted>1</tilted></feature>
            <threshold>0.0188714992254972</threshold>
            <left_val>-0.5561603903770447</left_val>
            <right_val>0.6879901885986328</right_val></_></_></trees>
      <stage_threshold>-0.8050786256790161</stage_threshold>
      <parent>2</parent>
      <next>-1</next></_>
    <_>
      <trees>
        <_>
          <_>
            <feature>
              <rects>
                <_>
                  0 11 24 9 -1.</_>
                <_>
                  6 11 12 9 2.</_></rects>
              <tilted>0</tilted></feature>
            <threshold>-0.1652303934097290</threshold>
            <left_val>0.8436779975891113</left_val>
            <right_val>-0.7281051278114319</right_val></_></_>
        <_>
          <_>
            <feature>
              <rects>
                <_>
                  9 11 10 3 -1.</_>
                <_>
                  9 11 5 3 2.</_></rects>
              <tilted>0</tilted></feature>
            <threshold>-0.0530567802488804</threshold>
            <left_val>0.6639919877052307</left_val>
            <right_val>-3.8323081098496914e-003</right_val></_></_>
        <_>
          <_>
            <feature>
              <rects>
                <_>
                  11 10 4 6 -1.</_>
                <_>
                  11 10 2 6 2.</_></rects>
              <tilted>1</tilted></feature>
            <threshold>0.0412416495382786</threshold>
            <left_val>-0.5663738846778870</left_val>
            <right_val>0.8113514184951782</right_val></_></_>
        <_>
          <_>
            <feature>
              <rects>
                <_>
                  12 1 9 11 -1.</_>
                <_>
                  15 4 3 11 3.</_></rects>
              <tilted>1</tilted></feature>
            <threshold>-0.0968776419758797</threshold>
            <left_val>0.6433607935905457</left_val>
            <right_val>-0.2761605978012085</right_val></_></_>
        <_>
          <_>
            <feature>
              <rects>
                <_>
                  0 18 22 6 -1.</_>
                <_>
                  0 20 22 2 3.</_></rects>
              <tilted>0</tilted></feature>
            <threshold>0.0720792636275291</threshold>
            <left_val>-0.4118121862411499</left_val>
            <right_val>0.9749419093132019</right_val></_></_></trees>
      <stage_threshold>-0.6085587739944458</stage_threshold>
      <parent>3</parent>
      <next>-1</next></_>
    <_>
      <trees>
        <_>
          <_>
            <feature>
              <rects>
                <_>
                  9 1 6 18 -1.</_>
                <_>
                  9 7 6 6 3.</_></rects>
              <tilted>0</tilted></feature>
            <threshold>-0.0976955369114876</threshold>
            <left_val>0.8651521801948547</left_val>
            <right_val>-0.6653234958648682</right_val></_></_>
        <_>
          <_>
            <feature>
              <rects>
                <_>
                  13 22 9 2 -1.</_>
                <_>
                  16 22 3 2 3.</_></rects>
              <tilted>0</tilted></feature>
            <threshold>1.9716529641300440e-003</threshold>
            <left_val>0.3388020992279053</left_val>
            <right_val>-0.7982820272445679</right_val></_></_>
        <_>
          <_>
            <feature>
              <rects>
                <_>
                  2 22 9 2 -1.</_>
                <_>
                  5 22 3 2 3.</_></rects>
              <tilted>0</tilted></feature>
            <threshold>2.2616391070187092e-003</threshold>
            <left_val>0.3788825869560242</left_val>
            <right_val>-0.9907885789871216</right_val></_></_>
        <_>
          <_>
            <feature>
              <rects>
                <_>
                  12 8 1 12 -1.</_>
                <_>
                  12 8 1 6 2.</_></rects>
              <tilted>1</tilted></feature>
            <threshold>0.0383326783776283</threshold>
            <left_val>-0.1692634969949722</left_val>
            <right_val>0.9607738852500916</right_val></_></_>
        <_>
          <_>
            <feature>
              <rects>
                <_>
                  12 8 12 1 -1.</_>
                <_>
                  12 8 6 1 2.</_></rects>
              <tilted>1</tilted></feature>
            <threshold>-0.0295947995036840</threshold>
            <left_val>0.7220872044563294</left_val>
            <right_val>-0.6545742750167847</right_val></_></_>
        <_>
          <_>
            <feature>
              <rects>
                <_>
                  19 7 3 1 -1.</_>
                <_>
                  20 8 1 1 3.</_></rects>
              <tilted>1</tilted></feature>
            <threshold>7.9886231105774641e-004</threshold>
            <left_val>0.2931236922740936</left_val>
            <right_val>-0.5812746882438660</right_val></_></_>
        <_>
          <_>
            <feature>
              <rects>
                <_>
                  8 6 1 2 -1.</_>
                <_>
                  8 6 1 1 2.</_></rects>
              <tilted>1</tilted></feature>
            <threshold>-4.8823669203557074e-004</threshold>
            <left_val>-0.8167698979377747</left_val>
            <right_val>0.4641304016113281</right_val></_></_></trees>
      <stage_threshold>-1.1513060331344604</stage_threshold>
      <parent>4</parent>
      <next>-1</next></_>
    <_>
      <trees>
        <_>
          <_>
            <feature>
              <rects>
                <_>
                  12 9 5 4 -1.</_>
                <_>
                  12 9 5 2 2.</_></rects>
              <tilted>1</tilted></feature>
            <threshold>-0.0248783808201551</threshold>
            <left_val>0.6891638040542603</left_val>
            <right_val>-0.6869863867759705</right_val></_></_>
        <_>
          <_>
            <feature>
              <rects>
                <_>
                  13 23 9 1 -1.</_>
                <_>
                  16 23 3 1 3.</_></rects>
              <tilted>0</tilted></feature>
            <threshold>1.7995679518207908e-003</threshold>
            <left_val>0.2270136028528214</left_val>
            <right_val>-0.9999879002571106</right_val></_></_>
        <_>
          <_>
            <feature>
              <rects>
                <_>
                  8 5 1 6 -1.</_>
                <_>
                  8 5 1 3 2.</_></rects>
              <tilted>1</tilted></feature>
            <threshold>-7.2761427145451307e-004</threshold>
            <left_val>-0.8604915738105774</left_val>
            <right_val>0.4815112948417664</right_val></_></_>
        <_>
          <_>
            <feature>
              <rects>
                <_>
                  13 23 9 1 -1.</_>
                <_>
                  16 23 3 1 3.</_></rects>
              <tilted>0</tilted></feature>
            <threshold>-8.0533308209851384e-004</threshold>
            <left_val>-0.7637488245964050</left_val>
            <right_val>0.3285116851329804</right_val></_></_>
        <_>
          <_>
            <feature>
              <rects>
                <_>
                  2 23 9 1 -1.</_>
                <_>
                  5 23 3 1 3.</_></rects>
              <tilted>0</tilted></feature>
            <threshold>-8.6537929018959403e-004</threshold>
            <left_val>-0.9198483228683472</left_val>
            <right_val>0.4040085077285767</right_val></_></_></trees>
      <stage_threshold>-0.5879440903663635</stage_threshold>
      <parent>5</parent>
      <next>-1</next></_>
    <_>
      <trees>
        <_>
          <_>
            <feature>
              <rects>
                <_>
                  12 0 10 9 -1.</_>
                <_>
                  9 3 10 3 3.</_></rects>
              <tilted>1</tilted></feature>
            <threshold>-0.1072722002863884</threshold>
            <left_val>0.7371610999107361</left_val>
            <right_val>-0.6953765749931335</right_val></_></_>
        <_>
          <_>
            <feature>
              <rects>
                <_>
                  4 16 18 8 -1.</_>
                <_>
                  4 16 9 8 2.</_></rects>
              <tilted>0</tilted></feature>
            <threshold>-0.0350757390260696</threshold>
            <left_val>-0.7774503827095032</left_val>
            <right_val>0.2539354860782623</right_val></_></_>
        <_>
          <_>
            <feature>
              <rects>
                <_>
                  5 7 3 4 -1.</_>
                <_>
                  4 8 3 2 2.</_></rects>
              <tilted>1</tilted></feature>
            <threshold>-1.3258929830044508e-003</threshold>
            <left_val>-0.8173071742057800</left_val>
            <right_val>0.4043732881546021</right_val></_></_>
        <_>
          <_>
            <feature>
              <rects>
                <_>
                  0 20 24 4 -1.</_>
                <_>
                  0 22 24 2 2.</_></rects>
              <tilted>0</tilted></feature>
            <threshold>-0.0861282199621201</threshold>
            <left_val>0.8733633756637573</left_val>
            <right_val>-0.3985876142978668</right_val></_></_>
        <_>
          <_>
            <feature>
              <rects>
                <_>
                  8 6 1 4 -1.</_>
                <_>
                  7 7 1 2 2.</_></rects>
              <tilted>1</tilted></feature>
            <threshold>-8.3192897727712989e-004</threshold>
            <left_val>-0.8344990015029907</left_val>
            <right_val>0.4704172015190125</right_val></_></_>
        <_>
          <_>
            <feature>
              <rects>
                <_>
                  2 6 20 11 -1.</_>
                <_>
                  7 6 10 11 2.</_></rects>
              <tilted>0</tilted></feature>
            <threshold>-0.2211381942033768</threshold>
            <left_val>0.8695762753486633</left_val>
            <right_val>-0.4167383015155792</right_val></_></_>
        <_>
          <_>
            <feature>
              <rects>
                <_>
                  3 0 16 10 -1.</_>
                <_>
                  7 0 8 10 2.</_></rects>
              <tilted>0</tilted></feature>
            <threshold>0.0688495635986328</threshold>
            <left_val>-0.5361518263816834</left_val>
            <right_val>0.8712143898010254</right_val></_></_></trees>
      <stage_threshold>-0.8534942865371704</stage_threshold>
      <parent>6</parent>
      <next>-1</next></_>
    <_>
      <trees>
        <_>
          <_>
            <feature>
              <rects>
                <_>
                  0 13 24 8 -1.</_>
                <_>
                  6 13 12 8 2.</_></rects>
              <tilted>0</tilted></feature>
            <threshold>-0.1359097063541412</threshold>
            <left_val>0.6027460098266602</left_val>
            <right_val>-0.6783238053321838</right_val></_></_>
        <_>
          <_>
            <feature>
              <rects>
                <_>
                  11 23 12 1 -1.</_>
                <_>
                  14 23 6 1 2.</_></rects>
              <tilted>0</tilted></feature>
            <threshold>1.2121349573135376e-003</threshold>
            <left_val>0.2327664941549301</left_val>
            <right_val>-0.9812306165695190</right_val></_></_>
        <_>
          <_>
            <feature>
              <rects>
                <_>
                  1 23 16 1 -1.</_>
                <_>
                  5 23 8 1 2.</_></rects>
              <tilted>0</tilted></feature>
            <threshold>1.3884650543332100e-003</threshold>
            <left_val>0.4259338080883026</left_val>
            <right_val>-0.8877642750740051</right_val></_></_>
        <_>
          <_>
            <feature>
              <rects>
                <_>
                  7 23 15 1 -1.</_>
                <_>
                  12 23 5 1 3.</_></rects>
              <tilted>0</tilted></feature>
            <threshold>3.5872540902346373e-003</threshold>
            <left_val>0.1760021001100540</left_val>
            <right_val>-0.9477167725563049</right_val></_></_>
        <_>
          <_>
            <feature>
              <rects>
                <_>
                  8 18 8 6 -1.</_>
                <_>
                  12 18 4 6 2.</_></rects>
              <tilted>0</tilted></feature>
            <threshold>-7.6925978064537048e-003</threshold>
            <left_val>-0.8762993216514587</left_val>
            <right_val>0.3200699090957642</right_val></_></_></trees>
      <stage_threshold>-0.8372495770454407</stage_threshold>
      <parent>7</parent>
      <next>-1</next></_>
    <_>
      <trees>
        <_>
          <_>
            <feature>
              <rects>
                <_>
                  3 0 12 8 -1.</_>
                <_>
                  3 0 6 4 2.</_>
                <_>
                  9 4 6 4 2.</_></rects>
              <tilted>0</tilted></feature>
            <threshold>-0.0478166602551937</threshold>
            <left_val>0.6916670203208923</left_val>
            <right_val>-0.5598676800727844</right_val></_></_>
        <_>
          <_>
            <feature>
              <rects>
                <_>
                  9 23 12 1 -1.</_>
                <_>
                  13 23 4 1 3.</_></rects>
              <tilted>0</tilted></feature>
            <threshold>-9.1758550843223929e-004</threshold>
            <left_val>-0.7719898223876953</left_val>
            <right_val>0.2978034913539887</right_val></_></_>
        <_>
          <_>
            <feature>
              <rects>
                <_>
                  4 23 12 1 -1.</_>
                <_>
                  7 23 6 1 2.</_></rects>
              <tilted>0</tilted></feature>
            <threshold>-7.8600709093734622e-004</threshold>
            <left_val>-0.9590504169464111</left_val>
            <right_val>0.3915528953075409</right_val></_></_>
        <_>
          <_>
            <feature>
              <rects>
                <_>
                  4 22 18 2 -1.</_>
                <_>
                  10 22 6 2 3.</_></rects>
              <tilted>0</tilted></feature>
            <threshold>7.0928451605141163e-003</threshold>
            <left_val>0.1460714042186737</left_val>
            <right_val>-0.7936292290687561</right_val></_></_>
        <_>
          <_>
            <feature>
              <rects>
                <_>
                  6 9 8 15 -1.</_>
                <_>
                  6 14 8 5 3.</_></rects>
              <tilted>0</tilted></feature>
            <threshold>-0.0256568603217602</threshold>
            <left_val>-0.8910632729530335</left_val>
            <right_val>0.3311910033226013</right_val></_></_>
        <_>
          <_>
            <feature>
              <rects>
                <_>
                  8 9 12 8 -1.</_>
                <_>
                  8 13 12 4 2.</_></rects>
              <tilted>0</tilted></feature>
            <threshold>0.0503487884998322</threshold>
            <left_val>0.1600489020347595</left_val>
            <right_val>-0.9516925215721130</right_val></_></_>
        <_>
          <_>
            <feature>
              <rects>
                <_>
                  6 12 1 3 -1.</_>
                <_>
                  5 13 1 1 3.</_></rects>
              <tilted>1</tilted></feature>
            <threshold>-9.5131777925416827e-004</threshold>
            <left_val>-0.9708439111709595</left_val>
            <right_val>0.2352091968059540</right_val></_></_></trees>
      <stage_threshold>-1.2882950305938721</stage_threshold>
      <parent>8</parent>
      <next>-1</next></_>
    <_>
      <trees>
        <_>
          <_>
            <feature>
              <rects>
                <_>
                  6 4 8 20 -1.</_>
                <_>
                  6 4 4 10 2.</_>
                <_>
                  10 14 4 10 2.</_></rects>
              <tilted>0</tilted></feature>
            <threshold>0.0943209901452065</threshold>
            <left_val>-0.4913854897022247</left_val>
            <right_val>0.7550812959671021</right_val></_></_>
        <_>
          <_>
            <feature>
              <rects>
                <_>
                  18 9 6 5 -1.</_>
                <_>
                  20 11 2 5 3.</_></rects>
              <tilted>1</tilted></feature>
            <threshold>-8.5865857545286417e-004</threshold>
            <left_val>-0.6057723760604858</left_val>
            <right_val>0.1890414953231812</right_val></_></_>
        <_>
          <_>
            <feature>
              <rects>
                <_>
                  3 0 6 2 -1.</_>
                <_>
                  3 1 6 1 2.</_></rects>
              <tilted>0</tilted></feature>
            <threshold>1.2860759852628689e-005</threshold>
            <left_val>-0.7613801956176758</left_val>
            <right_val>0.3896662890911102</right_val></_></_>
        <_>
          <_>
            <feature>
              <rects>
                <_>
                  13 15 3 3 -1.</_>
                <_>
                  12 16 3 1 3.</_></rects>
              <tilted>1</tilted></feature>
            <threshold>-1.4654609913122840e-005</threshold>
            <left_val>0.1470454037189484</left_val>
            <right_val>-0.1874343007802963</right_val></_></_>
        <_>
          <_>
            <feature>
              <rects>
                <_>
                  4 9 5 4 -1.</_>
                <_>
                  3 10 5 2 2.</_></rects>
              <tilted>1</tilted></feature>
            <threshold>5.8292881585657597e-003</threshold>
            <left_val>0.3825108110904694</left_val>
            <right_val>-0.8110455870628357</right_val></_></_>
        <_>
          <_>
            <feature>
              <rects>
                <_>
                  13 15 3 3 -1.</_>
                <_>
                  12 16 3 1 3.</_></rects>
              <tilted>1</tilted></feature>
            <threshold>-5.2361320704221725e-003</threshold>
            <left_val>-0.4112634956836700</left_val>
            <right_val>0.0412591807544231</right_val></_></_></trees>
      <stage_threshold>-0.8698984980583191</stage_threshold>
      <parent>9</parent>
      <next>-1</next></_>
    <_>
      <trees>
        <_>
          <_>
            <feature>
              <rects>
                <_>
                  0 0 24 3 -1.</_>
                <_>
                  6 0 12 3 2.</_></rects>
              <tilted>0</tilted></feature>
            <threshold>0.0851408764719963</threshold>
            <left_val>-0.4218446016311646</left_val>
            <right_val>0.7668069005012512</right_val></_></_>
        <_>
          <_>
            <feature>
              <rects>
                <_>
                  11 13 2 6 -1.</_>
                <_>
                  11 13 1 6 2.</_></rects>
              <tilted>0</tilted></feature>
            <threshold>-1.7532220226712525e-005</threshold>
            <left_val>0.6210867166519165</left_val>
            <right_val>-0.5333356261253357</right_val></_></_>
        <_>
          <_>
            <feature>
              <rects>
                <_>
                  4 21 16 3 -1.</_>
                <_>
                  12 21 8 3 2.</_></rects>
              <tilted>0</tilted></feature>
            <threshold>7.3683429509401321e-003</threshold>
            <left_val>0.3361344933509827</left_val>
            <right_val>-0.9574434161186218</right_val></_></_>
        <_>
          <_>
            <feature>
              <rects>
                <_>
                  3 21 20 3 -1.</_>
                <_>
                  3 21 10 3 2.</_></rects>
              <tilted>0</tilted></feature>
            <threshold>0.0141132902354002</threshold>
            <left_val>0.2328052073717117</left_val>
            <right_val>-0.9194567203521729</right_val></_></_></trees>
      <stage_threshold>-0.4911668896675110</stage_threshold>
      <parent>10</parent>
      <next>-1</next></_></stages></myhaar>
</opencv_storage>
