<?xml version="1.0"?>
<opencv_storage>
<myhaar type_id="opencv-haar-classifier">
  <size>
    24 24</size>
  <stages>
    <_>
      <trees>
        <_>
          <_>
            <feature>
              <rects>
                <_>
                  2 5 18 18 -1.</_>
                <_>
                  2 11 18 6 3.</_></rects>
              <tilted>0</tilted></feature>
            <threshold>-0.3650889098644257</threshold>
            <left_val>0.9819297194480896</left_val>
            <right_val>-0.9913352131843567</right_val></_></_></trees>
      <stage_threshold>0.9819297194480896</stage_threshold>
      <parent>-1</parent>
      <next>-1</next></_>
    <_>
      <trees>
        <_>
          <_>
            <feature>
              <rects>
                <_>
                  0 7 24 1 -1.</_>
                <_>
                  6 7 12 1 2.</_></rects>
              <tilted>0</tilted></feature>
            <threshold>-0.0154990795999765</threshold>
            <left_val>0.8744760155677795</left_val>
            <right_val>-0.9374774098396301</right_val></_></_>
        <_>
          <_>
            <feature>
              <rects>
                <_>
                  17 0 6 14 -1.</_>
                <_>
                  20 0 3 7 2.</_>
                <_>
                  17 7 3 7 2.</_></rects>
              <tilted>0</tilted></feature>
            <threshold>-0.0306315608322620</threshold>
            <left_val>0.6950634717941284</left_val>
            <right_val>-0.8159750103950501</right_val></_></_></trees>
      <stage_threshold>-0.2424138039350510</stage_threshold>
      <parent>0</parent>
      <next>-1</next></_>
    <_>
      <trees>
        <_>
          <_>
            <feature>
              <rects>
                <_>
                  4 9 16 9 -1.</_>
                <_>
                  4 12 16 3 3.</_></rects>
              <tilted>0</tilted></feature>
            <threshold>-0.2166488021612167</threshold>
            <left_val>0.8372616171836853</left_val>
            <right_val>-0.8441843986511231</right_val></_></_>
        <_>
          <_>
            <feature>
              <rects>
                <_>
                  3 0 18 20 -1.</_>
                <_>
                  3 10 18 10 2.</_></rects>
              <tilted>0</tilted></feature>
            <threshold>-0.3354597091674805</threshold>
            <left_val>0.7228053808212280</left_val>
            <right_val>-0.9774104952812195</right_val></_></_></trees>
      <stage_threshold>-0.1401488929986954</stage_threshold>
      <parent>1</parent>
      <next>-1</next></_>
    <_>
      <trees>
        <_>
          <_>
            <feature>
              <rects>
                <_>
                  1 8 6 6 -1.</_>
                <_>
                  4 8 3 6 2.</_></rects>
              <tilted>0</tilted></feature>
            <threshold>-0.0273985192179680</threshold>
            <left_val>0.7494645118713379</left_val>
            <right_val>-0.9230430126190186</right_val></_></_>
        <_>
          <_>
            <feature>
              <rects>
                <_>
                  17 2 3 4 -1.</_>
                <_>
                  17 2 3 2 2.</_></rects>
              <tilted>1</tilted></feature>
            <threshold>1.2702619424089789e-003</threshold>
            <left_val>-0.9574359059333801</left_val>
            <right_val>0.2055613994598389</right_val></_></_>
        <_>
          <_>
            <feature>
              <rects>
                <_>
                  3 7 18 8 -1.</_>
                <_>
                  3 11 18 4 2.</_></rects>
              <tilted>0</tilted></feature>
            <threshold>-0.2106581926345825</threshold>
            <left_val>0.7643430829048157</left_val>
            <right_val>-0.8096635937690735</right_val></_></_></trees>
      <stage_threshold>0.0468614697456360</stage_threshold>
      <parent>2</parent>
      <next>-1</next></_>
    <_>
      <trees>
        <_>
          <_>
            <feature>
              <rects>
                <_>
                  1 6 22 8 -1.</_>
                <_>
                  1 8 22 4 2.</_></rects>
              <tilted>0</tilted></feature>
            <threshold>0.0924937427043915</threshold>
            <left_val>-0.8929691910743713</left_val>
            <right_val>0.8351265788078308</right_val></_></_>
        <_>
          <_>
            <feature>
              <rects>
                <_>
                  14 2 6 7 -1.</_>
                <_>
                  14 2 3 7 2.</_></rects>
              <tilted>0</tilted></feature>
            <threshold>-8.2768658176064491e-003</threshold>
            <left_val>0.2972488999366760</left_val>
            <right_val>-0.7724900841712952</right_val></_></_></trees>
      <stage_threshold>-0.5957202911376953</stage_threshold>
      <parent>3</parent>
      <next>-1</next></_></stages></myhaar>
</opencv_storage>
