<?xml version="1.0"?>
<opencv_storage>
<myhaar type_id="opencv-haar-classifier">
  <size>
    24 24</size>
  <stages>
    <_>
      <trees>
        <_>
          <_>
            <feature>
              <rects>
                <_>
                  8 8 6 10 -1.</_>
                <_>
                  10 8 2 10 3.</_></rects>
              <tilted>0</tilted></feature>
            <threshold>0.0464271493256092</threshold>
            <left_val>-0.9917818903923035</left_val>
            <right_val>0.9052345156669617</right_val></_></_></trees>
      <stage_threshold>0.9052345156669617</stage_threshold>
      <parent>-1</parent>
      <next>-1</next></_>
    <_>
      <trees>
        <_>
          <_>
            <feature>
              <rects>
                <_>
                  4 1 16 9 -1.</_>
                <_>
                  4 4 16 3 3.</_></rects>
              <tilted>0</tilted></feature>
            <threshold>0.0497997216880322</threshold>
            <left_val>-0.9673181772232056</left_val>
            <right_val>0.8995738029479981</right_val></_></_>
        <_>
          <_>
            <feature>
              <rects>
                <_>
                  18 9 6 3 -1.</_>
                <_>
                  20 11 2 3 3.</_></rects>
              <tilted>1</tilted></feature>
            <threshold>-9.1156689450144768e-003</threshold>
            <left_val>0.6703367233276367</left_val>
            <right_val>-0.8988686203956604</right_val></_></_>
        <_>
          <_>
            <feature>
              <rects>
                <_>
                  6 9 3 6 -1.</_>
                <_>
                  4 11 3 2 3.</_></rects>
              <tilted>1</tilted></feature>
            <threshold>0.0224218703806400</threshold>
            <left_val>-0.9667782783508301</left_val>
            <right_val>0.8770697712898254</right_val></_></_>
        <_>
          <_>
            <feature>
              <rects>
                <_>
                  12 1 6 11 -1.</_>
                <_>
                  14 3 2 11 3.</_></rects>
              <tilted>1</tilted></feature>
            <threshold>-4.7596509102731943e-004</threshold>
            <left_val>0.2394977957010269</left_val>
            <right_val>-0.8631762862205505</right_val></_></_>
        <_>
          <_>
            <feature>
              <rects>
                <_>
                  12 2 10 2 -1.</_>
                <_>
                  12 2 10 1 2.</_></rects>
              <tilted>1</tilted></feature>
            <threshold>3.2765830401331186e-003</threshold>
            <left_val>-1.</left_val>
            <right_val>0.8907045125961304</right_val></_></_></trees>
      <stage_threshold>0.1410852968692780</stage_threshold>
      <parent>0</parent>
      <next>-1</next></_>
    <_>
      <trees>
        <_>
          <_>
            <feature>
              <rects>
                <_>
                  0 1 15 9 -1.</_>
                <_>
                  5 4 5 3 9.</_></rects>
              <tilted>0</tilted></feature>
            <threshold>0.0102834301069379</threshold>
            <left_val>-1.</left_val>
            <right_val>0.9999973773956299</right_val></_></_>
        <_>
          <_>
            <feature>
              <rects>
                <_>
                  9 13 15 1 -1.</_>
                <_>
                  14 13 5 1 3.</_></rects>
              <tilted>0</tilted></feature>
            <threshold>-1.9977169358753599e-005</threshold>
            <left_val>1.</left_val>
            <right_val>-0.9652894139289856</right_val></_></_>
        <_>
          <_>
            <feature>
              <rects>
                <_>
                  6 6 11 9 -1.</_>
                <_>
                  6 9 11 3 3.</_></rects>
              <tilted>0</tilted></feature>
            <threshold>-0.0102176200598478</threshold>
            <left_val>1.</left_val>
            <right_val>-1.0000029802322388</right_val></_></_></trees>
      <stage_threshold>1.0347080230712891</stage_threshold>
      <parent>1</parent>
      <next>-1</next></_>
    <_>
      <trees>
        <_>
          <_>
            <feature>
              <rects>
                <_>
                  6 8 9 5 -1.</_>
                <_>
                  9 8 3 5 3.</_></rects>
              <tilted>0</tilted></feature>
            <threshold>0.0726590231060982</threshold>
            <left_val>-0.8274937272071838</left_val>
            <right_val>0.9142842292785645</right_val></_></_>
        <_>
          <_>
            <feature>
              <rects>
                <_>
                  15 8 9 15 -1.</_>
                <_>
                  18 13 3 5 9.</_></rects>
              <tilted>0</tilted></feature>
            <threshold>0.1921346932649612</threshold>
            <left_val>-0.0456166788935661</left_val>
            <right_val>0.8281130790710449</right_val></_></_>
        <_>
          <_>
            <feature>
              <rects>
                <_>
                  0 9 9 15 -1.</_>
                <_>
                  3 14 3 5 9.</_></rects>
              <tilted>0</tilted></feature>
            <threshold>0.1955157965421677</threshold>
            <left_val>-0.7762293219566345</left_val>
            <right_val>0.9207018017768860</right_val></_></_></trees>
      <stage_threshold>-0.7756100296974182</stage_threshold>
      <parent>2</parent>
      <next>-1</next></_>
    <_>
      <trees>
        <_>
          <_>
            <feature>
              <rects>
                <_>
                  2 13 6 10 -1.</_>
                <_>
                  2 13 3 5 2.</_>
                <_>
                  5 18 3 5 2.</_></rects>
              <tilted>0</tilted></feature>
            <threshold>0.0282573308795691</threshold>
            <left_val>-0.8670498728752136</left_val>
            <right_val>0.7807208895683289</right_val></_></_>
        <_>
          <_>
            <feature>
              <rects>
                <_>
                  14 11 7 6 -1.</_>
                <_>
                  12 13 7 2 3.</_></rects>
              <tilted>1</tilted></feature>
            <threshold>0.0499708913266659</threshold>
            <left_val>0.0363522395491600</left_val>
            <right_val>-0.8542813062667847</right_val></_></_>
        <_>
          <_>
            <feature>
              <rects>
                <_>
                  10 11 6 7 -1.</_>
                <_>
                  12 13 2 7 3.</_></rects>
              <tilted>1</tilted></feature>
            <threshold>0.0286656897515059</threshold>
            <left_val>-0.9403191804885864</left_val>
            <right_val>0.5265526771545410</right_val></_></_></trees>
      <stage_threshold>-0.3041450083255768</stage_threshold>
      <parent>3</parent>
      <next>-1</next></_>
    <_>
      <trees>
        <_>
          <_>
            <feature>
              <rects>
                <_>
                  1 1 6 12 -1.</_>
                <_>
                  1 1 3 6 2.</_>
                <_>
                  4 7 3 6 2.</_></rects>
              <tilted>0</tilted></feature>
            <threshold>-0.0473816394805908</threshold>
            <left_val>0.7881700992584229</left_val>
            <right_val>-0.7944514751434326</right_val></_></_>
        <_>
          <_>
            <feature>
              <rects>
                <_>
                  14 5 2 6 -1.</_>
                <_>
                  12 7 2 2 3.</_></rects>
              <tilted>1</tilted></feature>
            <threshold>7.4850199744105339e-003</threshold>
            <left_val>-0.7568007111549377</left_val>
            <right_val>0.2532122135162354</right_val></_></_>
        <_>
          <_>
            <feature>
              <rects>
                <_>
                  4 15 16 9 -1.</_>
                <_>
                  4 18 16 3 3.</_></rects>
              <tilted>0</tilted></feature>
            <threshold>0.0479024797677994</threshold>
            <left_val>-0.7728660106658936</left_val>
            <right_val>0.6932709217071533</right_val></_></_>
        <_>
          <_>
            <feature>
              <rects>
                <_>
                  14 5 2 6 -1.</_>
                <_>
                  12 7 2 2 3.</_></rects>
              <tilted>1</tilted></feature>
            <threshold>-1.5829040203243494e-003</threshold>
            <left_val>-0.6708999276161194</left_val>
            <right_val>0.0637735426425934</right_val></_></_>
        <_>
          <_>
            <feature>
              <rects>
                <_>
                  4 11 16 7 -1.</_>
                <_>
                  12 11 8 7 2.</_></rects>
              <tilted>0</tilted></feature>
            <threshold>-0.0274957399815321</threshold>
            <left_val>0.5178818702697754</left_val>
            <right_val>-0.9733278155326843</right_val></_></_></trees>
      <stage_threshold>-0.7324498295783997</stage_threshold>
      <parent>4</parent>
      <next>-1</next></_></stages></myhaar>
</opencv_storage>
