<?xml version="1.0"?>
<opencv_storage>
<myhaar type_id="opencv-haar-classifier">
  <size>
    24 24</size>
  <stages>
    <_>
      <trees>
        <_>
          <_>
            <feature>
              <rects>
                <_>
                  8 8 6 10 -1.</_>
                <_>
                  10 8 2 10 3.</_></rects>
              <tilted>0</tilted></feature>
            <threshold>0.0458321310579777</threshold>
            <left_val>-0.9917172789573669</left_val>
            <right_val>0.8917508125305176</right_val></_></_></trees>
      <stage_threshold>0.8917508125305176</stage_threshold>
      <parent>-1</parent>
      <next>-1</next></_>
    <_>
      <trees>
        <_>
          <_>
            <feature>
              <rects>
                <_>
                  4 1 16 9 -1.</_>
                <_>
                  4 4 16 3 3.</_></rects>
              <tilted>0</tilted></feature>
            <threshold>0.0497997216880322</threshold>
            <left_val>-0.9668744802474976</left_val>
            <right_val>0.8762049078941345</right_val></_></_>
        <_>
          <_>
            <feature>
              <rects>
                <_>
                  18 9 6 3 -1.</_>
                <_>
                  20 11 2 3 3.</_></rects>
              <tilted>1</tilted></feature>
            <threshold>-9.1156689450144768e-003</threshold>
            <left_val>0.6037194728851318</left_val>
            <right_val>-0.8753411769866943</right_val></_></_>
        <_>
          <_>
            <feature>
              <rects>
                <_>
                  6 9 3 6 -1.</_>
                <_>
                  4 11 3 2 3.</_></rects>
              <tilted>1</tilted></feature>
            <threshold>0.0224218703806400</threshold>
            <left_val>-0.9610199928283691</left_val>
            <right_val>0.8696023821830750</right_val></_></_></trees>
      <stage_threshold>-0.9726133942604065</stage_threshold>
      <parent>0</parent>
      <next>-1</next></_>
    <_>
      <trees>
        <_>
          <_>
            <feature>
              <rects>
                <_>
                  0 9 5 12 -1.</_>
                <_>
                  0 13 5 4 3.</_></rects>
              <tilted>0</tilted></feature>
            <threshold>7.8396275639533997e-003</threshold>
            <left_val>-1.</left_val>
            <right_val>0.9444292783737183</right_val></_></_>
        <_>
          <_>
            <feature>
              <rects>
                <_>
                  19 0 4 12 -1.</_>
                <_>
                  20 1 2 12 2.</_></rects>
              <tilted>1</tilted></feature>
            <threshold>2.1367450244724751e-005</threshold>
            <left_val>-0.9483631253242493</left_val>
            <right_val>0.6899744868278503</right_val></_></_>
        <_>
          <_>
            <feature>
              <rects>
                <_>
                  0 1 4 5 -1.</_>
                <_>
                  2 1 2 5 2.</_></rects>
              <tilted>0</tilted></feature>
            <threshold>9.1619492741301656e-004</threshold>
            <left_val>-1.</left_val>
            <right_val>1.</right_val></_></_>
        <_>
          <_>
            <feature>
              <rects>
                <_>
                  22 0 2 1 -1.</_>
                <_>
                  22 0 1 1 2.</_></rects>
              <tilted>0</tilted></feature>
            <threshold>0.</threshold>
            <left_val>0.</left_val>
            <right_val>-1.</right_val></_></_>
        <_>
          <_>
            <feature>
              <rects>
                <_>
                  9 11 4 5 -1.</_>
                <_>
                  10 12 2 5 2.</_></rects>
              <tilted>1</tilted></feature>
            <threshold>-2.1535209380090237e-003</threshold>
            <left_val>1.</left_val>
            <right_val>-1.0000009536743164</right_val></_></_>
        <_>
          <_>
            <feature>
              <rects>
                <_>
                  15 9 5 10 -1.</_>
                <_>
                  15 14 5 5 2.</_></rects>
              <tilted>0</tilted></feature>
            <threshold>6.1217282200232148e-004</threshold>
            <left_val>-0.9742439985275269</left_val>
            <right_val>0.3718098104000092</right_val></_></_>
        <_>
          <_>
            <feature>
              <rects>
                <_>
                  4 3 8 2 -1.</_>
                <_>
                  4 3 8 1 2.</_></rects>
              <tilted>1</tilted></feature>
            <threshold>9.4601307064294815e-003</threshold>
            <left_val>-1.</left_val>
            <right_val>1.0000129938125610</right_val></_></_>
        <_>
          <_>
            <feature>
              <rects>
                <_>
                  22 0 2 1 -1.</_>
                <_>
                  22 0 1 1 2.</_></rects>
              <tilted>0</tilted></feature>
            <threshold>0.</threshold>
            <left_val>0.</left_val>
            <right_val>-1.</right_val></_></_>
        <_>
          <_>
            <feature>
              <rects>
                <_>
                  2 0 10 1 -1.</_>
                <_>
                  2 0 5 1 2.</_></rects>
              <tilted>1</tilted></feature>
            <threshold>-9.3306030612438917e-004</threshold>
            <left_val>1.</left_val>
            <right_val>-1.</right_val></_></_>
        <_>
          <_>
            <feature>
              <rects>
                <_>
                  12 8 3 8 -1.</_>
                <_>
                  13 9 1 8 3.</_></rects>
              <tilted>1</tilted></feature>
            <threshold>4.3977348832413554e-004</threshold>
            <left_val>-0.9687358140945435</left_val>
            <right_val>0.2217938005924225</right_val></_></_>
        <_>
          <_>
            <feature>
              <rects>
                <_>
                  3 11 5 3 -1.</_>
                <_>
                  2 12 5 1 3.</_></rects>
              <tilted>1</tilted></feature>
            <threshold>1.3622590340673923e-003</threshold>
            <left_val>-1.</left_val>
            <right_val>1.0000020265579224</right_val></_></_>
        <_>
          <_>
            <feature>
              <rects>
                <_>
                  22 0 2 1 -1.</_>
                <_>
                  22 0 1 1 2.</_></rects>
              <tilted>0</tilted></feature>
            <threshold>0.</threshold>
            <left_val>0.</left_val>
            <right_val>-1.</right_val></_></_>
        <_>
          <_>
            <feature>
              <rects>
                <_>
                  8 2 7 12 -1.</_>
                <_>
                  8 8 7 6 2.</_></rects>
              <tilted>0</tilted></feature>
            <threshold>-8.0985942622646689e-004</threshold>
            <left_val>1.</left_val>
            <right_val>-1.</right_val></_></_></trees>
      <stage_threshold>0.0374794006347656</stage_threshold>
      <parent>1</parent>
      <next>-1</next></_>
    <_>
      <trees>
        <_>
          <_>
            <feature>
              <rects>
                <_>
                  5 8 12 10 -1.</_>
                <_>
                  9 8 4 10 3.</_></rects>
              <tilted>0</tilted></feature>
            <threshold>0.1428512036800385</threshold>
            <left_val>-0.8081704974174500</left_val>
            <right_val>0.9325218796730042</right_val></_></_>
        <_>
          <_>
            <feature>
              <rects>
                <_>
                  12 16 11 8 -1.</_>
                <_>
                  12 20 11 4 2.</_></rects>
              <tilted>0</tilted></feature>
            <threshold>-0.0159552507102489</threshold>
            <left_val>0.4357089102268219</left_val>
            <right_val>-0.4428269863128662</right_val></_></_>
        <_>
          <_>
            <feature>
              <rects>
                <_>
                  0 9 9 15 -1.</_>
                <_>
                  3 14 3 5 9.</_></rects>
              <tilted>0</tilted></feature>
            <threshold>0.1961421072483063</threshold>
            <left_val>-0.6598489284515381</left_val>
            <right_val>0.8886917233467102</right_val></_></_></trees>
      <stage_threshold>-1.0323100090026855</stage_threshold>
      <parent>2</parent>
      <next>-1</next></_>
    <_>
      <trees>
        <_>
          <_>
            <feature>
              <rects>
                <_>
                  4 1 6 4 -1.</_>
                <_>
                  6 3 2 4 3.</_></rects>
              <tilted>1</tilted></feature>
            <threshold>0.0440954305231571</threshold>
            <left_val>-0.8703880906105042</left_val>
            <right_val>0.8357809782028198</right_val></_></_>
        <_>
          <_>
            <feature>
              <rects>
                <_>
                  12 1 6 11 -1.</_>
                <_>
                  14 3 2 11 3.</_></rects>
              <tilted>1</tilted></feature>
            <threshold>0.0687597170472145</threshold>
            <left_val>0.0383072197437286</left_val>
            <right_val>-0.8533666133880615</right_val></_></_>
        <_>
          <_>
            <feature>
              <rects>
                <_>
                  12 1 11 6 -1.</_>
                <_>
                  10 3 11 2 3.</_></rects>
              <tilted>1</tilted></feature>
            <threshold>-0.0399813503026962</threshold>
            <left_val>0.7189896106719971</left_val>
            <right_val>-0.8825988769531250</right_val></_></_></trees>
      <stage_threshold>-0.9001845121383667</stage_threshold>
      <parent>3</parent>
      <next>-1</next></_>
    <_>
      <trees>
        <_>
          <_>
            <feature>
              <rects>
                <_>
                  2 0 6 16 -1.</_>
                <_>
                  2 0 3 8 2.</_>
                <_>
                  5 8 3 8 2.</_></rects>
              <tilted>0</tilted></feature>
            <threshold>-0.0608140192925930</threshold>
            <left_val>0.7939233183860779</left_val>
            <right_val>-0.8289796113967896</right_val></_></_>
        <_>
          <_>
            <feature>
              <rects>
                <_>
                  12 16 11 8 -1.</_>
                <_>
                  12 20 11 4 2.</_></rects>
              <tilted>0</tilted></feature>
            <threshold>0.0251677595078945</threshold>
            <left_val>0.0740933716297150</left_val>
            <right_val>-0.7959483861923218</right_val></_></_>
        <_>
          <_>
            <feature>
              <rects>
                <_>
                  1 16 11 8 -1.</_>
                <_>
                  1 20 11 4 2.</_></rects>
              <tilted>0</tilted></feature>
            <threshold>-0.0344762690365314</threshold>
            <left_val>0.6658769249916077</left_val>
            <right_val>-0.9570786952972412</right_val></_></_></trees>
      <stage_threshold>-0.0890620872378349</stage_threshold>
      <parent>4</parent>
      <next>-1</next></_>
    <_>
      <trees>
        <_>
          <_>
            <feature>
              <rects>
                <_>
                  1 12 8 12 -1.</_>
                <_>
                  1 12 4 6 2.</_>
                <_>
                  5 18 4 6 2.</_></rects>
              <tilted>0</tilted></feature>
            <threshold>0.0677737370133400</threshold>
            <left_val>-0.7400327920913696</left_val>
            <right_val>0.8118644952774048</right_val></_></_>
        <_>
          <_>
            <feature>
              <rects>
                <_>
                  16 3 1 12 -1.</_>
                <_>
                  16 3 1 6 2.</_></rects>
              <tilted>1</tilted></feature>
            <threshold>3.0968149658292532e-003</threshold>
            <left_val>-0.8970121145248413</left_val>
            <right_val>0.2611162066459656</right_val></_></_>
        <_>
          <_>
            <feature>
              <rects>
                <_>
                  12 8 6 1 -1.</_>
                <_>
                  14 10 2 1 3.</_></rects>
              <tilted>1</tilted></feature>
            <threshold>-0.0216662008315325</threshold>
            <left_val>0.7424783706665039</left_val>
            <right_val>-0.7051877975463867</right_val></_></_>
        <_>
          <_>
            <feature>
              <rects>
                <_>
                  4 14 16 4 -1.</_>
                <_>
                  4 14 8 4 2.</_></rects>
              <tilted>0</tilted></feature>
            <threshold>0.0149914799258113</threshold>
            <left_val>-0.9845358729362488</left_val>
            <right_val>0.5384837985038757</right_val></_></_></trees>
      <stage_threshold>-0.6456205248832703</stage_threshold>
      <parent>5</parent>
      <next>-1</next></_>
    <_>
      <trees>
        <_>
          <_>
            <feature>
              <rects>
                <_>
                  7 7 8 12 -1.</_>
                <_>
                  9 7 4 12 2.</_></rects>
              <tilted>0</tilted></feature>
            <threshold>0.1008988991379738</threshold>
            <left_val>-0.7412071824073792</left_val>
            <right_val>0.8735306859016419</right_val></_></_>
        <_>
          <_>
            <feature>
              <rects>
                <_>
                  12 2 1 12 -1.</_>
                <_>
                  12 2 1 6 2.</_></rects>
              <tilted>1</tilted></feature>
            <threshold>0.0247395709156990</threshold>
            <left_val>0.1312924027442932</left_val>
            <right_val>-0.8424203991889954</right_val></_></_>
        <_>
          <_>
            <feature>
              <rects>
                <_>
                  4 6 11 9 -1.</_>
                <_>
                  4 9 11 3 3.</_></rects>
              <tilted>0</tilted></feature>
            <threshold>-0.0515869706869125</threshold>
            <left_val>0.5372933745384216</left_val>
            <right_val>-0.9145321249961853</right_val></_></_></trees>
      <stage_threshold>-1.0463340282440186</stage_threshold>
      <parent>6</parent>
      <next>-1</next></_></stages></myhaar>
</opencv_storage>
