<?xml version="1.0"?>
<opencv_storage>
<myhaar type_id="opencv-haar-classifier">
  <size>
    24 24</size>
  <stages>
    <_>
      <trees>
        <_>
          <_>
            <feature>
              <rects>
                <_>
                  2 11 20 10 -1.</_>
                <_>
                  2 11 10 5 2.</_>
                <_>
                  12 16 10 5 2.</_></rects>
              <tilted>0</tilted></feature>
            <threshold>-0.0734335035085678</threshold>
            <left_val>0.9436619281768799</left_val>
            <right_val>-0.9999979138374329</right_val></_></_></trees>
      <stage_threshold>0.9436619281768799</stage_threshold>
      <parent>-1</parent>
      <next>-1</next></_>
    <_>
      <trees>
        <_>
          <_>
            <feature>
              <rects>
                <_>
                  12 4 6 9 -1.</_>
                <_>
                  9 7 6 3 3.</_></rects>
              <tilted>1</tilted></feature>
            <threshold>-0.0910549834370613</threshold>
            <left_val>0.9151321053504944</left_val>
            <right_val>-0.9613100290298462</right_val></_></_>
        <_>
          <_>
            <feature>
              <rects>
                <_>
                  9 4 8 16 -1.</_>
                <_>
                  11 4 4 16 2.</_></rects>
              <tilted>0</tilted></feature>
            <threshold>0.0465127006173134</threshold>
            <left_val>-0.2241871058940888</left_val>
            <right_val>0.6215710043907166</right_val></_></_>
        <_>
          <_>
            <feature>
              <rects>
                <_>
                  7 2 8 17 -1.</_>
                <_>
                  9 2 4 17 2.</_></rects>
              <tilted>0</tilted></feature>
            <threshold>-0.0408430211246014</threshold>
            <left_val>0.9382562041282654</left_val>
            <right_val>-0.9172294735908508</right_val></_></_></trees>
      <stage_threshold>-0.2472407966852188</stage_threshold>
      <parent>0</parent>
      <next>-1</next></_>
    <_>
      <trees>
        <_>
          <_>
            <feature>
              <rects>
                <_>
                  0 3 2 13 -1.</_>
                <_>
                  1 3 1 13 2.</_></rects>
              <tilted>0</tilted></feature>
            <threshold>3.1066739466041327e-003</threshold>
            <left_val>-0.8849681019783020</left_val>
            <right_val>0.8573343753814697</right_val></_></_>
        <_>
          <_>
            <feature>
              <rects>
                <_>
                  12 14 2 6 -1.</_>
                <_>
                  10 16 2 2 3.</_></rects>
              <tilted>1</tilted></feature>
            <threshold>-0.0303249806165695</threshold>
            <left_val>0.9157972931861877</left_val>
            <right_val>-0.1541682928800583</right_val></_></_>
        <_>
          <_>
            <feature>
              <rects>
                <_>
                  12 14 6 2 -1.</_>
                <_>
                  14 16 2 2 3.</_></rects>
              <tilted>1</tilted></feature>
            <threshold>0.0142088197171688</threshold>
            <left_val>-0.8917850852012634</left_val>
            <right_val>0.8476207852363586</right_val></_></_></trees>
      <stage_threshold>-0.1915155947208405</stage_threshold>
      <parent>1</parent>
      <next>-1</next></_>
    <_>
      <trees>
        <_>
          <_>
            <feature>
              <rects>
                <_>
                  12 7 9 2 -1.</_>
                <_>
                  15 10 3 2 3.</_></rects>
              <tilted>1</tilted></feature>
            <threshold>0.0437723807990551</threshold>
            <left_val>-0.7309287190437317</left_val>
            <right_val>0.9339758753776550</right_val></_></_>
        <_>
          <_>
            <feature>
              <rects>
                <_>
                  4 0 20 22 -1.</_>
                <_>
                  14 0 10 11 2.</_>
                <_>
                  4 11 10 11 2.</_></rects>
              <tilted>0</tilted></feature>
            <threshold>0.2920540869235992</threshold>
            <left_val>0.1288906037807465</left_val>
            <right_val>-1.0000029802322388</right_val></_></_>
        <_>
          <_>
            <feature>
              <rects>
                <_>
                  0 0 20 22 -1.</_>
                <_>
                  0 0 10 11 2.</_>
                <_>
                  10 11 10 11 2.</_></rects>
              <tilted>0</tilted></feature>
            <threshold>-0.1579207032918930</threshold>
            <left_val>0.7103285193443298</left_val>
            <right_val>-0.9728056192398071</right_val></_></_></trees>
      <stage_threshold>0.0900609493255615</stage_threshold>
      <parent>2</parent>
      <next>-1</next></_>
    <_>
      <trees>
        <_>
          <_>
            <feature>
              <rects>
                <_>
                  0 8 21 6 -1.</_>
                <_>
                  7 8 7 6 3.</_></rects>
              <tilted>0</tilted></feature>
            <threshold>-0.1765495985746384</threshold>
            <left_val>0.9366974830627441</left_val>
            <right_val>-0.7911713123321533</right_val></_></_>
        <_>
          <_>
            <feature>
              <rects>
                <_>
                  19 5 5 10 -1.</_>
                <_>
                  19 10 5 5 2.</_></rects>
              <tilted>0</tilted></feature>
            <threshold>0.0169561095535755</threshold>
            <left_val>-0.3663690090179443</left_val>
            <right_val>0.6469895839691162</right_val></_></_>
        <_>
          <_>
            <feature>
              <rects>
                <_>
                  5 8 12 9 -1.</_>
                <_>
                  9 11 4 3 9.</_></rects>
              <tilted>0</tilted></feature>
            <threshold>-0.1491536945104599</threshold>
            <left_val>0.8373438715934753</left_val>
            <right_val>-0.8065338134765625</right_val></_></_></trees>
      <stage_threshold>-0.9507154822349548</stage_threshold>
      <parent>3</parent>
      <next>-1</next></_>
    <_>
      <trees>
        <_>
          <_>
            <feature>
              <rects>
                <_>
                  9 1 15 8 -1.</_>
                <_>
                  7 3 15 4 2.</_></rects>
              <tilted>1</tilted></feature>
            <threshold>-0.1287405043840408</threshold>
            <left_val>0.9083837270736694</left_val>
            <right_val>-0.8204510807991028</right_val></_></_>
        <_>
          <_>
            <feature>
              <rects>
                <_>
                  19 1 4 13 -1.</_>
                <_>
                  19 1 2 13 2.</_></rects>
              <tilted>0</tilted></feature>
            <threshold>0.0158928800374269</threshold>
            <left_val>-0.5840256214141846</left_val>
            <right_val>0.5604956150054932</right_val></_></_>
        <_>
          <_>
            <feature>
              <rects>
                <_>
                  11 11 9 4 -1.</_>
                <_>
                  11 11 9 2 2.</_></rects>
              <tilted>1</tilted></feature>
            <threshold>-0.0286151506006718</threshold>
            <left_val>0.6131458282470703</left_val>
            <right_val>-0.9752228856086731</right_val></_></_></trees>
      <stage_threshold>-0.7913309931755066</stage_threshold>
      <parent>4</parent>
      <next>-1</next></_>
    <_>
      <trees>
        <_>
          <_>
            <feature>
              <rects>
                <_>
                  0 0 20 1 -1.</_>
                <_>
                  5 0 10 1 2.</_></rects>
              <tilted>0</tilted></feature>
            <threshold>0.0118743004277349</threshold>
            <left_val>-0.8071548938751221</left_val>
            <right_val>0.7730184197425842</right_val></_></_>
        <_>
          <_>
            <feature>
              <rects>
                <_>
                  13 13 9 8 -1.</_>
                <_>
                  13 15 9 4 2.</_></rects>
              <tilted>0</tilted></feature>
            <threshold>-0.0155050000175834</threshold>
            <left_val>0.3687942922115326</left_val>
            <right_val>-0.2992922961711884</right_val></_></_>
        <_>
          <_>
            <feature>
              <rects>
                <_>
                  2 13 9 8 -1.</_>
                <_>
                  2 15 9 4 2.</_></rects>
              <tilted>0</tilted></feature>
            <threshold>7.4848891235888004e-003</threshold>
            <left_val>0.6807860136032105</left_val>
            <right_val>-0.9755597710609436</right_val></_></_></trees>
      <stage_threshold>-0.4256612956523895</stage_threshold>
      <parent>5</parent>
      <next>-1</next></_>
    <_>
      <trees>
        <_>
          <_>
            <feature>
              <rects>
                <_>
                  9 5 8 9 -1.</_>
                <_>
                  11 7 4 9 2.</_></rects>
              <tilted>1</tilted></feature>
            <threshold>-0.0687574893236160</threshold>
            <left_val>0.9045904278755188</left_val>
            <right_val>-0.7573459148406982</right_val></_></_>
        <_>
          <_>
            <feature>
              <rects>
                <_>
                  6 23 16 1 -1.</_>
                <_>
                  6 23 8 1 2.</_></rects>
              <tilted>0</tilted></feature>
            <threshold>2.4423529393970966e-003</threshold>
            <left_val>0.4287841022014618</left_val>
            <right_val>-0.7503569126129150</right_val></_></_></trees>
      <stage_threshold>-0.3285618126392365</stage_threshold>
      <parent>6</parent>
      <next>-1</next></_>
    <_>
      <trees>
        <_>
          <_>
            <feature>
              <rects>
                <_>
                  0 0 20 12 -1.</_>
                <_>
                  10 0 10 12 2.</_></rects>
              <tilted>0</tilted></feature>
            <threshold>0.0817463770508766</threshold>
            <left_val>-1.</left_val>
            <right_val>0.6428567171096802</right_val></_></_></trees>
      <stage_threshold>0.6428567171096802</stage_threshold>
      <parent>7</parent>
      <next>-1</next></_>
    <_>
      <trees>
        <_>
          <_>
            <feature>
              <rects>
                <_>
                  1 6 18 9 -1.</_>
                <_>
                  7 6 6 9 3.</_></rects>
              <tilted>0</tilted></feature>
            <threshold>-0.2569761872291565</threshold>
            <left_val>0.8982725143432617</left_val>
            <right_val>-0.6704859137535095</right_val></_></_>
        <_>
          <_>
            <feature>
              <rects>
                <_>
                  8 17 13 2 -1.</_>
                <_>
                  8 18 13 1 2.</_></rects>
              <tilted>0</tilted></feature>
            <threshold>3.4160059876739979e-003</threshold>
            <left_val>0.3293071985244751</left_val>
            <right_val>-1.0000029802322388</right_val></_></_>
        <_>
          <_>
            <feature>
              <rects>
                <_>
                  4 23 12 1 -1.</_>
                <_>
                  7 23 6 1 2.</_></rects>
              <tilted>0</tilted></feature>
            <threshold>-1.9384609768167138e-003</threshold>
            <left_val>-1.</left_val>
            <right_val>0.5193750262260437</right_val></_></_></trees>
      <stage_threshold>0.1781962066888809</stage_threshold>
      <parent>8</parent>
      <next>-1</next></_>
    <_>
      <trees>
        <_>
          <_>
            <feature>
              <rects>
                <_>
                  9 13 6 6 -1.</_>
                <_>
                  12 13 3 6 2.</_></rects>
              <tilted>0</tilted></feature>
            <threshold>0.0226330794394016</threshold>
            <left_val>-0.6434109210968018</left_val>
            <right_val>0.8959752917289734</right_val></_></_>
        <_>
          <_>
            <feature>
              <rects>
                <_>
                  6 14 16 9 -1.</_>
                <_>
                  6 14 8 9 2.</_></rects>
              <tilted>0</tilted></feature>
            <threshold>-5.2892682142555714e-003</threshold>
            <left_val>-0.7420834898948669</left_val>
            <right_val>0.2632187008857727</right_val></_></_>
        <_>
          <_>
            <feature>
              <rects>
                <_>
                  8 23 8 1 -1.</_>
                <_>
                  12 23 4 1 2.</_></rects>
              <tilted>0</tilted></feature>
            <threshold>-1.2892020167782903e-003</threshold>
            <left_val>-0.9738277196884155</left_val>
            <right_val>0.5419176816940308</right_val></_></_></trees>
      <stage_threshold>0.1617255061864853</stage_threshold>
      <parent>9</parent>
      <next>-1</next></_></stages></myhaar>
</opencv_storage>
