<?xml version="1.0"?>
<opencv_storage>
<myhaar type_id="opencv-haar-classifier">
  <size>
    24 24</size>
  <stages>
    <_>
      <trees>
        <_>
          <_>
            <feature>
              <rects>
                <_>
                  2 11 20 10 -1.</_>
                <_>
                  2 11 10 5 2.</_>
                <_>
                  12 16 10 5 2.</_></rects>
              <tilted>0</tilted></feature>
            <threshold>-0.0734335035085678</threshold>
            <left_val>0.8974357247352600</left_val>
            <right_val>-0.9999964833259583</right_val></_></_></trees>
      <stage_threshold>0.8974357247352600</stage_threshold>
      <parent>-1</parent>
      <next>-1</next></_>
    <_>
      <trees>
        <_>
          <_>
            <feature>
              <rects>
                <_>
                  12 4 6 9 -1.</_>
                <_>
                  9 7 6 3 3.</_></rects>
              <tilted>1</tilted></feature>
            <threshold>-0.0910549834370613</threshold>
            <left_val>0.8955665230751038</left_val>
            <right_val>-0.9608842134475708</right_val></_></_>
        <_>
          <_>
            <feature>
              <rects>
                <_>
                  9 4 8 14 -1.</_>
                <_>
                  11 4 4 14 2.</_></rects>
              <tilted>0</tilted></feature>
            <threshold>-0.0384996905922890</threshold>
            <left_val>0.8295276165008545</left_val>
            <right_val>-0.1760430037975311</right_val></_></_></trees>
      <stage_threshold>-0.1313565969467163</stage_threshold>
      <parent>0</parent>
      <next>-1</next></_>
    <_>
      <trees>
        <_>
          <_>
            <feature>
              <rects>
                <_>
                  0 2 4 10 -1.</_>
                <_>
                  2 2 2 10 2.</_></rects>
              <tilted>0</tilted></feature>
            <threshold>0.0116788195446134</threshold>
            <left_val>-0.7889230251312256</left_val>
            <right_val>0.9125621914863586</right_val></_></_>
        <_>
          <_>
            <feature>
              <rects>
                <_>
                  13 11 2 8 -1.</_>
                <_>
                  11 13 2 4 2.</_></rects>
              <tilted>1</tilted></feature>
            <threshold>-9.3805817887187004e-003</threshold>
            <left_val>0.2546794116497040</left_val>
            <right_val>-0.1444831043481827</right_val></_></_>
        <_>
          <_>
            <feature>
              <rects>
                <_>
                  11 11 8 2 -1.</_>
                <_>
                  13 13 4 2 2.</_></rects>
              <tilted>1</tilted></feature>
            <threshold>7.9499091953039169e-003</threshold>
            <left_val>-1.</left_val>
            <right_val>0.7441779971122742</right_val></_></_></trees>
      <stage_threshold>-0.1892281025648117</stage_threshold>
      <parent>1</parent>
      <next>-1</next></_>
    <_>
      <trees>
        <_>
          <_>
            <feature>
              <rects>
                <_>
                  12 4 12 8 -1.</_>
                <_>
                  10 6 12 4 2.</_></rects>
              <tilted>1</tilted></feature>
            <threshold>-0.1215083003044128</threshold>
            <left_val>0.8387423753738403</left_val>
            <right_val>-0.8482022285461426</right_val></_></_>
        <_>
          <_>
            <feature>
              <rects>
                <_>
                  13 14 1 6 -1.</_>
                <_>
                  11 16 1 2 3.</_></rects>
              <tilted>1</tilted></feature>
            <threshold>-0.0146503895521164</threshold>
            <left_val>0.8837831020355225</left_val>
            <right_val>-0.1891479939222336</right_val></_></_>
        <_>
          <_>
            <feature>
              <rects>
                <_>
                  8 14 6 9 -1.</_>
                <_>
                  10 14 2 9 3.</_></rects>
              <tilted>0</tilted></feature>
            <threshold>-0.0313333906233311</threshold>
            <left_val>0.9801167249679565</left_val>
            <right_val>-0.7528020143508911</right_val></_></_></trees>
      <stage_threshold>-0.1032074987888336</stage_threshold>
      <parent>2</parent>
      <next>-1</next></_>
    <_>
      <trees>
        <_>
          <_>
            <feature>
              <rects>
                <_>
                  2 9 15 4 -1.</_>
                <_>
                  7 9 5 4 3.</_></rects>
              <tilted>0</tilted></feature>
            <threshold>-0.1179630979895592</threshold>
            <left_val>0.9088563919067383</left_val>
            <right_val>-0.7281264066696167</right_val></_></_>
        <_>
          <_>
            <feature>
              <rects>
                <_>
                  4 2 20 20 -1.</_>
                <_>
                  14 2 10 10 2.</_>
                <_>
                  4 12 10 10 2.</_></rects>
              <tilted>0</tilted></feature>
            <threshold>0.0568748898804188</threshold>
            <left_val>0.2838352024555206</left_val>
            <right_val>-0.1308329999446869</right_val></_></_>
        <_>
          <_>
            <feature>
              <rects>
                <_>
                  0 1 20 22 -1.</_>
                <_>
                  0 1 10 11 2.</_>
                <_>
                  10 12 10 11 2.</_></rects>
              <tilted>0</tilted></feature>
            <threshold>-0.1874241977930069</threshold>
            <left_val>0.7276331782341003</left_val>
            <right_val>-0.9440916776657105</right_val></_></_></trees>
      <stage_threshold>-0.1660684049129486</stage_threshold>
      <parent>3</parent>
      <next>-1</next></_>
    <_>
      <trees>
        <_>
          <_>
            <feature>
              <rects>
                <_>
                  0 0 20 1 -1.</_>
                <_>
                  5 0 10 1 2.</_></rects>
              <tilted>0</tilted></feature>
            <threshold>0.0118743004277349</threshold>
            <left_val>-0.8137896060943604</left_val>
            <right_val>0.8356559872627258</right_val></_></_>
        <_>
          <_>
            <feature>
              <rects>
                <_>
                  18 0 6 9 -1.</_>
                <_>
                  18 0 3 9 2.</_></rects>
              <tilted>0</tilted></feature>
            <threshold>6.9266529753804207e-003</threshold>
            <left_val>-0.4426415860652924</left_val>
            <right_val>0.2301513999700546</right_val></_></_>
        <_>
          <_>
            <feature>
              <rects>
                <_>
                  0 0 6 9 -1.</_>
                <_>
                  3 0 3 9 2.</_></rects>
              <tilted>0</tilted></feature>
            <threshold>0.0127109102904797</threshold>
            <left_val>-0.9013124108314514</left_val>
            <right_val>0.7637392282485962</right_val></_></_></trees>
      <stage_threshold>-0.4926919043064117</stage_threshold>
      <parent>4</parent>
      <next>-1</next></_>
    <_>
      <trees>
        <_>
          <_>
            <feature>
              <rects>
                <_>
                  12 8 9 3 -1.</_>
                <_>
                  15 11 3 3 3.</_></rects>
              <tilted>1</tilted></feature>
            <threshold>0.0745665282011032</threshold>
            <left_val>-0.6841354966163635</left_val>
            <right_val>0.7954205274581909</right_val></_></_>
        <_>
          <_>
            <feature>
              <rects>
                <_>
                  14 7 7 8 -1.</_>
                <_>
                  14 9 7 4 2.</_></rects>
              <tilted>0</tilted></feature>
            <threshold>-3.3490629866719246e-003</threshold>
            <left_val>-0.6834710836410523</left_val>
            <right_val>0.1808812022209168</right_val></_></_>
        <_>
          <_>
            <feature>
              <rects>
                <_>
                  2 18 12 6 -1.</_>
                <_>
                  6 20 4 2 9.</_></rects>
              <tilted>0</tilted></feature>
            <threshold>0.0428835712373257</threshold>
            <left_val>-0.8160253167152405</left_val>
            <right_val>0.6737256050109863</right_val></_></_></trees>
      <stage_threshold>-0.6938809752464294</stage_threshold>
      <parent>5</parent>
      <next>-1</next></_>
    <_>
      <trees>
        <_>
          <_>
            <feature>
              <rects>
                <_>
                  6 9 4 5 -1.</_>
                <_>
                  6 9 2 5 2.</_></rects>
              <tilted>1</tilted></feature>
            <threshold>0.0202584192156792</threshold>
            <left_val>-0.6713299155235291</left_val>
            <right_val>0.9048159718513489</right_val></_></_>
        <_>
          <_>
            <feature>
              <rects>
                <_>
                  14 22 9 2 -1.</_>
                <_>
                  17 22 3 2 3.</_></rects>
              <tilted>0</tilted></feature>
            <threshold>-4.0598409250378609e-003</threshold>
            <left_val>-0.8492140769958496</left_val>
            <right_val>0.3708080053329468</right_val></_></_>
        <_>
          <_>
            <feature>
              <rects>
                <_>
                  12 13 6 2 -1.</_>
                <_>
                  14 15 2 2 3.</_></rects>
              <tilted>1</tilted></feature>
            <threshold>0.0347925908863544</threshold>
            <left_val>-0.6648318171501160</left_val>
            <right_val>0.8733618855476379</right_val></_></_>
        <_>
          <_>
            <feature>
              <rects>
                <_>
                  0 0 24 6 -1.</_>
                <_>
                  8 2 8 2 9.</_></rects>
              <tilted>0</tilted></feature>
            <threshold>0.1807418018579483</threshold>
            <left_val>-0.6063746213912964</left_val>
            <right_val>0.8740289211273193</right_val></_></_></trees>
      <stage_threshold>-0.0913248732686043</stage_threshold>
      <parent>6</parent>
      <next>-1</next></_>
    <_>
      <trees>
        <_>
          <_>
            <feature>
              <rects>
                <_>
                  10 1 14 9 -1.</_>
                <_>
                  7 4 14 3 3.</_></rects>
              <tilted>1</tilted></feature>
            <threshold>-0.2508322894573212</threshold>
            <left_val>0.9088563919067383</left_val>
            <right_val>-0.7281262278556824</right_val></_></_>
        <_>
          <_>
            <feature>
              <rects>
                <_>
                  12 23 4 1 -1.</_>
                <_>
                  12 23 2 1 2.</_></rects>
              <tilted>0</tilted></feature>
            <threshold>3.8730289088562131e-004</threshold>
            <left_val>0.3680815100669861</left_val>
            <right_val>-0.8927636742591858</right_val></_></_>
        <_>
          <_>
            <feature>
              <rects>
                <_>
                  8 23 4 1 -1.</_>
                <_>
                  10 23 2 1 2.</_></rects>
              <tilted>0</tilted></feature>
            <threshold>-2.8319261036813259e-004</threshold>
            <left_val>-0.9768431186676025</left_val>
            <right_val>0.6883409023284912</right_val></_></_></trees>
      <stage_threshold>0.3000948131084442</stage_threshold>
      <parent>7</parent>
      <next>-1</next></_></stages></myhaar>
</opencv_storage>
