<?xml version="1.0"?>
<opencv_storage>
<myhaar type_id="opencv-haar-classifier">
  <size>
    24 24</size>
  <stages>
    <_>
      <trees>
        <_>
          <_>
            <feature>
              <rects>
                <_>
                  4 6 12 8 -1.</_>
                <_>
                  8 6 4 8 3.</_></rects>
              <tilted>0</tilted></feature>
            <threshold>-0.1149645000696182</threshold>
            <left_val>0.9558007121086121</left_val>
            <right_val>-0.9999892115592957</right_val></_></_></trees>
      <stage_threshold>0.9558007121086121</stage_threshold>
      <parent>-1</parent>
      <next>-1</next></_>
    <_>
      <trees>
        <_>
          <_>
            <feature>
              <rects>
                <_>
                  12 3 12 8 -1.</_>
                <_>
                  10 5 12 4 2.</_></rects>
              <tilted>1</tilted></feature>
            <threshold>-0.1254673004150391</threshold>
            <left_val>0.8765081763267517</left_val>
            <right_val>-0.9438585042953491</right_val></_></_>
        <_>
          <_>
            <feature>
              <rects>
                <_>
                  0 0 24 2 -1.</_>
                <_>
                  6 0 12 2 2.</_></rects>
              <tilted>0</tilted></feature>
            <threshold>0.0430074706673622</threshold>
            <left_val>-0.8705356717109680</left_val>
            <right_val>0.8708255290985107</right_val></_></_></trees>
      <stage_threshold>-0.0730330273509026</stage_threshold>
      <parent>0</parent>
      <next>-1</next></_>
    <_>
      <trees>
        <_>
          <_>
            <feature>
              <rects>
                <_>
                  12 6 9 2 -1.</_>
                <_>
                  15 9 3 2 3.</_></rects>
              <tilted>1</tilted></feature>
            <threshold>0.0492744594812393</threshold>
            <left_val>-0.8714271783828735</left_val>
            <right_val>0.7820302844047546</right_val></_></_>
        <_>
          <_>
            <feature>
              <rects>
                <_>
                  18 0 6 7 -1.</_>
                <_>
                  18 0 3 7 2.</_></rects>
              <tilted>0</tilted></feature>
            <threshold>0.0190702099353075</threshold>
            <left_val>-0.7636793851852417</left_val>
            <right_val>0.5889722704887390</right_val></_></_>
        <_>
          <_>
            <feature>
              <rects>
                <_>
                  0 0 6 7 -1.</_>
                <_>
                  3 0 3 7 2.</_></rects>
              <tilted>0</tilted></feature>
            <threshold>0.0222631301730871</threshold>
            <left_val>-0.9647039175033569</left_val>
            <right_val>0.6653773784637451</right_val></_></_></trees>
      <stage_threshold>-0.9697291254997253</stage_threshold>
      <parent>1</parent>
      <next>-1</next></_>
    <_>
      <trees>
        <_>
          <_>
            <feature>
              <rects>
                <_>
                  0 8 22 12 -1.</_>
                <_>
                  0 8 11 6 2.</_>
                <_>
                  11 14 11 6 2.</_></rects>
              <tilted>0</tilted></feature>
            <threshold>-0.1277446001768112</threshold>
            <left_val>0.7478945255279541</left_val>
            <right_val>-0.9244465231895447</right_val></_></_>
        <_>
          <_>
            <feature>
              <rects>
                <_>
                  16 14 8 3 -1.</_>
                <_>
                  16 14 4 3 2.</_></rects>
              <tilted>0</tilted></feature>
            <threshold>-0.0200634803622961</threshold>
            <left_val>0.5163022875785828</left_val>
            <right_val>-0.7696580886840820</right_val></_></_>
        <_>
          <_>
            <feature>
              <rects>
                <_>
                  0 14 8 3 -1.</_>
                <_>
                  4 14 4 3 2.</_></rects>
              <tilted>0</tilted></feature>
            <threshold>-0.0158963799476624</threshold>
            <left_val>0.8663166165351868</left_val>
            <right_val>-0.7079856991767883</right_val></_></_></trees>
      <stage_threshold>-1.1161299943923950</stage_threshold>
      <parent>2</parent>
      <next>-1</next></_>
    <_>
      <trees>
        <_>
          <_>
            <feature>
              <rects>
                <_>
                  1 7 18 7 -1.</_>
                <_>
                  7 7 6 7 3.</_></rects>
              <tilted>0</tilted></feature>
            <threshold>-0.2602699995040894</threshold>
            <left_val>0.8593885898590088</left_val>
            <right_val>-0.7583311200141907</right_val></_></_>
        <_>
          <_>
            <feature>
              <rects>
                <_>
                  0 0 24 2 -1.</_>
                <_>
                  6 0 12 2 2.</_></rects>
              <tilted>0</tilted></feature>
            <threshold>0.0573448017239571</threshold>
            <left_val>-0.6928761005401611</left_val>
            <right_val>0.7692530155181885</right_val></_></_>
        <_>
          <_>
            <feature>
              <rects>
                <_>
                  1 10 20 2 -1.</_>
                <_>
                  6 10 10 2 2.</_></rects>
              <tilted>0</tilted></feature>
            <threshold>-0.0396449603140354</threshold>
            <left_val>0.6805093288421631</left_val>
            <right_val>-0.8556526899337769</right_val></_></_></trees>
      <stage_threshold>-0.8447306752204895</stage_threshold>
      <parent>3</parent>
      <next>-1</next></_>
    <_>
      <trees>
        <_>
          <_>
            <feature>
              <rects>
                <_>
                  1 7 18 7 -1.</_>
                <_>
                  7 7 6 7 3.</_></rects>
              <tilted>0</tilted></feature>
            <threshold>-0.2641473114490509</threshold>
            <left_val>0.7707183957099915</left_val>
            <right_val>-0.7246828079223633</right_val></_></_>
        <_>
          <_>
            <feature>
              <rects>
                <_>
                  4 15 20 7 -1.</_>
                <_>
                  4 15 10 7 2.</_></rects>
              <tilted>0</tilted></feature>
            <threshold>0.0205692406743765</threshold>
            <left_val>-0.9818611145019531</left_val>
            <right_val>0.3519267141819000</right_val></_></_>
        <_>
          <_>
            <feature>
              <rects>
                <_>
                  3 8 6 3 -1.</_>
                <_>
                  5 10 2 3 3.</_></rects>
              <tilted>1</tilted></feature>
            <threshold>0.0276948101818562</threshold>
            <left_val>-0.6624251008033752</left_val>
            <right_val>0.6582263708114624</right_val></_></_>
        <_>
          <_>
            <feature>
              <rects>
                <_>
                  7 0 15 3 -1.</_>
                <_>
                  12 1 5 1 9.</_></rects>
              <tilted>0</tilted></feature>
            <threshold>0.0217728801071644</threshold>
            <left_val>-0.4664092063903809</left_val>
            <right_val>0.3504604101181030</right_val></_></_>
        <_>
          <_>
            <feature>
              <rects>
                <_>
                  3 0 12 2 -1.</_>
                <_>
                  6 0 6 2 2.</_></rects>
              <tilted>0</tilted></feature>
            <threshold>4.2089880444109440e-003</threshold>
            <left_val>-0.9306061267852783</left_val>
            <right_val>0.4453730881214142</right_val></_></_></trees>
      <stage_threshold>-1.0562169551849365</stage_threshold>
      <parent>4</parent>
      <next>-1</next></_>
    <_>
      <trees>
        <_>
          <_>
            <feature>
              <rects>
                <_>
                  5 15 6 9 -1.</_>
                <_>
                  7 18 2 3 9.</_></rects>
              <tilted>0</tilted></feature>
            <threshold>0.0490043014287949</threshold>
            <left_val>-0.7886080741882324</left_val>
            <right_val>0.6386988759040833</right_val></_></_>
        <_>
          <_>
            <feature>
              <rects>
                <_>
                  22 3 2 13 -1.</_>
                <_>
                  22 3 1 13 2.</_></rects>
              <tilted>0</tilted></feature>
            <threshold>3.5966460127383471e-003</threshold>
            <left_val>-0.7825434207916260</left_val>
            <right_val>0.4937824904918671</right_val></_></_>
        <_>
          <_>
            <feature>
              <rects>
                <_>
                  0 4 2 12 -1.</_>
                <_>
                  1 4 1 12 2.</_></rects>
              <tilted>0</tilted></feature>
            <threshold>4.1377879679203033e-003</threshold>
            <left_val>-0.8748918771743774</left_val>
            <right_val>0.5259177088737488</right_val></_></_>
        <_>
          <_>
            <feature>
              <rects>
                <_>
                  0 6 24 6 -1.</_>
                <_>
                  0 9 24 3 2.</_></rects>
              <tilted>0</tilted></feature>
            <threshold>8.4511004388332367e-003</threshold>
            <left_val>-1.</left_val>
            <right_val>0.3788450956344605</right_val></_></_></trees>
      <stage_threshold>-0.7908725142478943</stage_threshold>
      <parent>5</parent>
      <next>-1</next></_></stages></myhaar>
</opencv_storage>
